ticker,title,Assets
MSFT,MICROSOFT CORP,
AAPL,Apple Inc.,
NVDA,NVIDIA CORP,
AMZN,AMAZON COM INC,
GOOGL,Alphabet Inc.,
META,"Meta Platforms, Inc.",
AVGO,Broadcom Inc.,
TSLA,"Tesla, Inc.",
COST,COSTCO WHOLESALE CORP /NEW,
AMD,ADVANCED MICRO DEVICES INC,
NFLX,NETFLIX INC,
PEP,PEPSICO INC,
ADBE,ADOBE INC.,
LIN,LINDE PLC,
CSCO,"CISCO SYSTEMS, INC.",
TMUS,"T-Mobile US, Inc.",
QCOM,QUALCOMM INC/DE,
INTU,INTUIT INC.,
INTC,INTEL CORP,
AMAT,APPLIED MATERIALS INC /DE,
CMCSA,COMCAST CORP,
TXN,TEXAS INSTRUMENTS INC,
AMGN,AMGEN INC,
ISRG,INTUITIVE SURGICAL INC,
MU,MICRON TECHNOLOGY INC,
HON,HONEYWELL INTERNATIONAL INC,
LRCX,LAM RESEARCH CORP,
BKNG,Booking Holdings Inc.,
VRTX,VERTEX PHARMACEUTICALS INC / MA,
ABNB,"Airbnb, Inc.",
REGN,"REGENERON PHARMACEUTICALS, INC.",
SBUX,STARBUCKS CORP,
ADP,AUTOMATIC DATA PROCESSING INC,
MDLZ,"Mondelez International, Inc.",
KLAC,KLA CORP,
ADI,ANALOG DEVICES INC,
PANW,Palo Alto Networks Inc,
GILD,"GILEAD SCIENCES, INC.",
SNPS,SYNOPSYS INC,
CDNS,CADENCE DESIGN SYSTEMS INC,
CRWD,"CrowdStrike Holdings, Inc.",
CME,CME GROUP INC.,
EQIX,EQUINIX INC,
MAR,MARRIOTT INTERNATIONAL INC /MD/,
WDAY,"Workday, Inc.",
CSX,CSX CORP,
PYPL,"PayPal Holdings, Inc.",
COIN,"Coinbase Global, Inc.",
ORLY,O REILLY AUTOMOTIVE INC,
PCAR,PACCAR INC,
CTAS,CINTAS CORP,
SMCI,"Super Micro Computer, Inc.",
MNST,Monster Beverage Corp,
CEG,Constellation Energy Corp,
ROP,ROPER TECHNOLOGIES INC,
MRVL,"Marvell Technology, Inc.",
ADSK,"Autodesk, Inc.",
DASH,"DoorDash, Inc.",
CPRT,COPART INC,
DXCM,DEXCOM INC,
FTNT,"Fortinet, Inc.",
ROST,"ROSS STORES, INC.",
MCHP,MICROCHIP TECHNOLOGY INC,
ODFL,"OLD DOMINION FREIGHT LINE, INC.",
IBKR,"Interactive Brokers Group, Inc.",
FAST,FASTENAL CO,
KHC,Kraft Heinz Co,
IDXX,IDEXX LABORATORIES INC /DE,
AEP,AMERICAN ELECTRIC POWER CO INC,
PAYX,PAYCHEX INC,
TTD,"Trade Desk, Inc.",
CHTR,"CHARTER COMMUNICATIONS, INC. /MO/",
MRNA,"Moderna, Inc.",
KDP,Keurig Dr Pepper Inc.,
DDOG,"Datadog, Inc.",
GEHC,GE HealthCare Technologies Inc.,
CSGP,"COSTAR GROUP, INC.",
EXC,EXELON CORP,
CTSH,COGNIZANT TECHNOLOGY SOLUTIONS CORP,
NDAQ,"NASDAQ, INC.",
FANG,"Diamondback Energy, Inc.",
EA,ELECTRONIC ARTS INC.,
CDW,CDW Corp,
BKR,Baker Hughes Co,
VRSK,"Verisk Analytics, Inc.",
MPWR,MONOLITHIC POWER SYSTEMS INC,
ON,ON SEMICONDUCTOR CORP,
MSTR,MICROSTRATEGY Inc,
BIIB,BIOGEN INC.,
ANSS,ANSYS INC,
SYM,Symbotic Inc.,
XEL,XCEL ENERGY INC,
ZS,"Zscaler, Inc.",
GFS,GLOBALFOUNDRIES Inc.,
TSCO,TRACTOR SUPPLY CO /DE/,
DLTR,"DOLLAR TREE, INC.",
EBAY,EBAY INC,
TROW,PRICE T ROWE GROUP INC,
MDB,"MongoDB, Inc.",
FITB,FIFTH THIRD BANCORP,
ULTA,"Ulta Beauty, Inc.",
TTWO,TAKE TWO INTERACTIVE SOFTWARE INC,
ALGN,ALIGN TECHNOLOGY INC,
APP,AppLovin Corp,
AXON,"AXON ENTERPRISE, INC.",
SBAC,SBA COMMUNICATIONS CORP,
FCNCA,FIRST CITIZENS BANCSHARES INC /DE/,
STLD,STEEL DYNAMICS INC,
TW,Tradeweb Markets Inc.,
PTC,PTC INC.,
DKNG,DraftKings Inc.,
NTAP,"NetApp, Inc.",
CELH,"Celsius Holdings, Inc.",
ENTG,ENTEGRIS INC,
ILMN,"ILLUMINA, INC.",
WDC,WESTERN DIGITAL CORP,
ERIE,ERIE INDEMNITY CO,
ZM,"Zoom Video Communications, Inc.",
WBD,"Warner Bros. Discovery, Inc.",
COO,"COOPER COMPANIES, INC.",
PFG,PRINCIPAL FINANCIAL GROUP INC,
JBHT,HUNT J B TRANSPORT SERVICES INC,
HBAN,HUNTINGTON BANCSHARES INC /MD/,
LPLA,LPL Financial Holdings Inc.,
ALNY,"ALNYLAM PHARMACEUTICALS, INC.",
CINF,CINCINNATI FINANCIAL CORP,
VRSN,VERISIGN INC/CA,
EXPE,"Expedia Group, Inc.",
RPRX,Royalty Pharma plc,
WBA,"Walgreens Boots Alliance, Inc.",
HOLX,HOLOGIC INC,
OKTA,"Okta, Inc.",
NTRS,NORTHERN TRUST CORP,
CG,Carlyle Group Inc.,
SWKS,"SKYWORKS SOLUTIONS, INC.",
TER,"TERADYNE, INC",
HOOD,"Robinhood Markets, Inc.",
TPG,TPG Inc.,
WMG,Warner Music Group Corp.,
FSLR,"FIRST SOLAR, INC.",
AKAM,AKAMAI TECHNOLOGIES INC,
BMRN,BIOMARIN PHARMACEUTICAL INC,
SSNC,SS&C Technologies Holdings Inc,
NTNX,"Nutanix, Inc.",
POOL,POOL CORP,
TRMB,TRIMBLE INC.,
SAIA,SAIA INC,
MANH,MANHATTAN ASSOCIATES INC,
NDSN,NORDSON CORP,
ZBRA,ZEBRA TECHNOLOGIES CORP,
BSY,BENTLEY SYSTEMS INC,
ENPH,"Enphase Energy, Inc.",
NWSA,NEWS CORP,
SIRI,SIRIUS XM HOLDINGS INC.,
HST,"HOST HOTELS & RESORTS, INC.",
UAL,"United Airlines Holdings, Inc.",
LECO,LINCOLN ELECTRIC HOLDINGS INC,
LOGI,LOGITECH INTERNATIONAL S.A.,
VTRS,Viatris Inc,
GEN,Gen Digital Inc.,
NBIX,NEUROCRINE BIOSCIENCES INC,
LKQ,LKQ CORP,
FOXA,Fox Corp,
MORN,"Morningstar, Inc.",
AZPN,"Aspen Technology, Inc.",
BRKR,BRUKER CORP,
INCY,INCYTE CORP,
LNT,ALLIANT ENERGY CORP,
MEDP,"Medpace Holdings, Inc.",
GLPI,"Gaming & Leisure Properties, Inc.",
ARCC,ARES CAPITAL CORP,
JKHY,JACK HENRY & ASSOCIATES INC,
PAA,PLAINS ALL AMERICAN PIPELINE LP,
DOCU,"DOCUSIGN, INC.",
SRPT,"Sarepta Therapeutics, Inc.",
LAMR,LAMAR ADVERTISING CO/NEW,
EVRG,"Evergy, Inc.",
CASY,CASEYS GENERAL STORES INC,
ZG,"ZILLOW GROUP, INC.",
EXAS,EXACT SCIENCES CORP,
PODD,INSULET CORP,
UTHR,UNITED THERAPEUTICS Corp,
AFRM,"Affirm Holdings, Inc.",
CHK,CHESAPEAKE ENERGY CORP,
ZI,ZoomInfo Technologies Inc.,
WYNN,WYNN RESORTS LTD,
FFIV,"F5, INC.",
NTRA,"Natera, Inc.",
QRVO,"Qorvo, Inc.",
REG,REGENCY CENTERS CORP,
TECH,BIO-TECHNE Corp,
LSCC,LATTICE SEMICONDUCTOR CORP,
EWBC,EAST WEST BANCORP INC,
WING,Wingstop Inc.,
SWAV,"Shockwave Medical, Inc.",
ALAB,"Astera Labs, Inc.",
RGEN,REPLIGEN CORP,
RIVN,"Rivian Automotive, Inc. / DE",
APA,APA Corp,
LEGN,Legend Biotech Corp,
TXRH,"Texas Roadhouse, Inc.",
CART,Maplebear Inc.,
TTEK,TETRA TECH INC,
AAL,American Airlines Group Inc.,
DUOL,"Duolingo, Inc.",
FIVE,"FIVE BELOW, INC",
PCTY,Paylocity Holding Corp,
CFLT,"Confluent, Inc.",
LNW,"Light & Wonder, Inc.",
MTCH,"Match Group, Inc.",
LSXMA,Liberty Media Corp,
HSIC,HENRY SCHEIN INC,
SEIC,SEI INVESTMENTS CO,
ROKU,"ROKU, INC",
GTLB,Gitlab Inc.,
WWD,"Woodward, Inc.",
CZR,"Caesars Entertainment, Inc.",
CHRW,"C. H. ROBINSON WORLDWIDE, INC.",
WSC,WillScot Mobile Mini Holdings Corp.,
CHDN,Churchill Downs Inc,
WFRD,Weatherford International plc,
NXT,Nextracker Inc.,
CROX,"Crocs, Inc.",
MKSI,MKS INSTRUMENTS INC,
DBX,"DROPBOX, INC.",
MKTX,MARKETAXESS HOLDINGS INC,
MIDD,MIDDLEBY Corp,
GNTX,GENTEX CORP,
APPF,APPFOLIO INC,
LBRDA,Liberty Broadband Corp,
PPC,PILGRIMS PRIDE CORP,
COKE,"Coca-Cola Consolidated, Inc.",
OLED,UNIVERSAL DISPLAY CORP \PA\,
LYFT,"Lyft, Inc.",
AMKR,"AMKOR TECHNOLOGY, INC.",
PARA,Paramount Global,
ETSY,ETSY INC,
HAS,"HASBRO, INC.",
CERE,"Cerevel Therapeutics Holdings, Inc.",
VKTX,"Viking Therapeutics, Inc.",
SOFI,"SoFi Technologies, Inc.",
MASI,MASIMO CORP,
IEP,ICAHN ENTERPRISES L.P.,
UFPI,UFP INDUSTRIES INC,
RGLD,ROYAL GOLD INC,
CCCS,CCC Intelligent Solutions Holdings Inc.,
PCVX,"Vaxcyte, Inc.",
EXEL,"EXELIXIS, INC.",
CGNX,COGNEX CORP,
CHRD,Chord Energy Corp,
CYTK,CYTOKINETICS INC,
ALTR,Altair Engineering Inc.,
ACHC,"Acadia Healthcare Company, Inc.",
ENSG,"ENSIGN GROUP, INC",
MTSI,"MACOM Technology Solutions Holdings, Inc.",
AAON,"AAON, INC.",
LCID,"Lucid Group, Inc.",
AGNC,AGNC Investment Corp.,
HQY,"HEALTHEQUITY, INC.",
XRAY,DENTSPLY SIRONA Inc.,
CACC,CREDIT ACCEPTANCE CORP,
RMBS,RAMBUS INC,
APLS,"Apellis Pharmaceuticals, Inc.",
SPSC,SPS COMMERCE INC,
VNOM,"Viper Energy, Inc.",
MAT,MATTEL INC /DE/,
CBSH,COMMERCE BANCSHARES INC /MO/,
ITCI,"Intra-Cellular Therapies, Inc.",
FTAI,FTAI Aviation Ltd.,
SAIC,Science Applications International Corp,
CHX,ChampionX Corp,
LSTR,LANDSTAR SYSTEM INC,
PNFP,PINNACLE FINANCIAL PARTNERS INC,
SFM,"Sprouts Farmers Market, Inc.",
IONS,IONIS PHARMACEUTICALS INC,
SIGI,SELECTIVE INSURANCE GROUP INC,
BPOP,"POPULAR, INC.",
NOVT,NOVANTA INC,
WTFC,WINTRUST FINANCIAL CORP,
NFE,New Fortress Energy Inc.,
QLYS,"QUALYS, INC.",
BECN,BEACON ROOFING SUPPLY INC,
ZION,"ZIONS BANCORPORATION, NATIONAL ASSOCIATION /UT/",
HLNE,Hamilton Lane INC,
NSIT,INSIGHT ENTERPRISES INC,
REYN,Reynolds Consumer Products Inc.,
RRR,"Red Rock Resorts, Inc.",
MARA,"MARATHON DIGITAL HOLDINGS, INC.",
FYBR,"Frontier Communications Parent, Inc.",
LFUS,LITTELFUSE INC /DE,
TENB,"Tenable Holdings, Inc.",
BOKF,BOK FINANCIAL CORP,
OPCH,"Option Care Health, Inc.",
FRPT,"Freshpet, Inc.",
CWST,CASELLA WASTE SYSTEMS INC,
NXST,"NEXSTAR MEDIA GROUP, INC.",
LANC,LANCASTER COLONY CORP,
FCFS,"FirstCash Holdings, Inc.",
RCM,R1 RCM Inc. /DE,
PEGA,PEGASYSTEMS INC,
BBIO,"BridgeBio Pharma, Inc.",
FRSH,Freshworks Inc.,
BPMC,Blueprint Medicines Corp,
HCP,"HashiCorp, Inc.",
VRNS,VARONIS SYSTEMS INC,
MDGL,"MADRIGAL PHARMACEUTICALS, INC.",
BRZE,"Braze, Inc.",
EXLS,"ExlService Holdings, Inc.",
ALGM,"ALLEGRO MICROSYSTEMS, INC.",
HALO,"HALOZYME THERAPEUTICS, INC.",
OZK,Bank OZK,
RVMD,"Revolution Medicines, Inc.",
BCPC,BALCHEM CORP,
EEFT,"EURONET WORLDWIDE, INC.",
ONB,OLD NATIONAL BANCORP /IN/,
NUVL,"Nuvalent, Inc.",
CRUS,"CIRRUS LOGIC, INC.",
COOP,Mr. Cooper Group Inc.,
OLLI,"Ollie's Bargain Outlet Holdings, Inc.",
ACT,"Enact Holdings, Inc.",
SRCL,STERICYCLE INC,
FELE,FRANKLIN ELECTRIC CO INC,
PTEN,PATTERSON UTI ENERGY INC,
ASO,"Academy Sports & Outdoors, Inc.",
KRYS,"Krystal Biotech, Inc.",
PECO,"Phillips Edison & Company, Inc.",
CLSK,"CLEANSPARK, INC.",
SLM,SLM Corp,
COLM,COLUMBIA SPORTSWEAR CO,
IMVT,"Immunovant, Inc.",
VERX,"Vertex, Inc.",
FROG,JFrog Ltd,
UBSI,UNITED BANKSHARES INC/WV,
FIVN,"Five9, Inc.",
FFIN,FIRST FINANCIAL BANKSHARES INC,
IAC,IAC Inc.,
FIZZ,NATIONAL BEVERAGE CORP,
CRVL,CORVEL CORP,
IPAR,INTER PARFUMS INC,
CVLT,COMMVAULT SYSTEMS INC,
AVT,AVNET INC,
AVAV,AeroVironment Inc,
TXG,"10x Genomics, Inc.",
SLAB,SILICON LABORATORIES INC.,
MMSI,MERIT MEDICAL SYSTEMS INC,
PAGP,PLAINS GP HOLDINGS LP,
CNXC,Concentrix Corp,
IOVA,"IOVANCE BIOTHERAPEUTICS, INC.",
VRRM,VERRA MOBILITY Corp,
CAR,"AVIS BUDGET GROUP, INC.",
IPGP,IPG PHOTONICS CORP,
ITRI,"ITRON, INC.",
LNTH,"Lantheus Holdings, Inc.",
RUSHA,RUSH ENTERPRISES INC \TX\,
BGC,"BGC Group, Inc.",
LOPE,"Grand Canyon Education, Inc.",
EXPO,EXPONENT INC,
INSM,INSMED Inc,
POWI,POWER INTEGRATIONS INC,
UMBF,UMB FINANCIAL CORP,
VLY,VALLEY NATIONAL BANCORP,
URBN,URBAN OUTFITTERS INC,
STEP,StepStone Group Inc.,
RELY,"Remitly Global, Inc.",
BL,"BLACKLINE, INC.",
TRIP,"TripAdvisor, Inc.",
WIRE,ENCORE WIRE CORP,
COLB,"COLUMBIA BANKING SYSTEM, INC.",
SYNA,SYNAPTICS Inc,
IBRX,"ImmunityBio, Inc.",
HWC,HANCOCK WHITNEY CORP,
BLKB,BLACKBAUD INC,
RARE,Ultragenyx Pharmaceutical Inc.,
WEN,Wendy's Co,
AXSM,"Axsome Therapeutics, Inc.",
SATS,EchoStar CORP,
APGE,"Apogee Therapeutics, Inc.",
GT,GOODYEAR TIRE & RUBBER CO /OH/,
ACLX,"Arcellx, Inc.",
PCH,POTLATCHDELTIC CORP,
CRDO,Credo Technology Group Holding Ltd,
ALRM,"Alarm.com Holdings, Inc.",
SWTX,"SpringWorks Therapeutics, Inc.",
AEIS,ADVANCED ENERGY INDUSTRIES INC,
AUR,"Aurora Innovation, Inc.",
SGRY,"Surgery Partners, Inc.",
ACLS,AXCELIS TECHNOLOGIES INC,
PGNY,"Progyny, Inc.",
CSWI,"CSW INDUSTRIALS, INC.",
PI,IMPINJ INC,
STRL,"STERLING INFRASTRUCTURE, INC.",
AXNX,"Axonics, Inc.",
RDNT,"RadNet, Inc.",
TFSL,TFS Financial CORP,
NCNO,"nCino, Inc.",
IRTC,"iRhythm Technologies, Inc.",
ARWR,"ARROWHEAD PHARMACEUTICALS, INC.",
FTRE,Fortrea Holdings Inc.,
OTTR,Otter Tail Corp,
PYCR,"PAYCOR HCM, INC.",
LITE,Lumentum Holdings Inc.,
ACIW,"ACI WORLDWIDE, INC.",
CRNX,"Crinetics Pharmaceuticals, Inc.",
FOLD,"AMICUS THERAPEUTICS, INC.",
FORM,FORMFACTOR INC,
IBOC,INTERNATIONAL BANCSHARES CORP,
SANM,SANMINA CORP,
SHC,Sotera Health Co,
WDFC,WD 40 CO,
SPT,"Sprout Social, Inc.",
SBRA,"Sabra Health Care REIT, Inc.",
SMPL,Simply Good Foods Co,
NEOG,NEOGEN CORP,
CVCO,CAVCO INDUSTRIES INC.,
MLTX,MoonLake Immunotherapeutics,
ABCB,Ameris Bancorp,
AZTA,"Azenta, Inc.",
NWL,NEWELL BRANDS INC.,
VIRT,"Virtu Financial, Inc.",
ARCB,ARCBEST CORP /DE/,
QDEL,QuidelOrtho Corp,
IDYA,"IDEAYA Biosciences, Inc.",
RIOT,"Riot Platforms, Inc.",
DIOD,DIODES INC /DEL/,
IOSP,INNOSPEC INC.,
VC,VISTEON CORP,
IRDM,Iridium Communications Inc.,
ACVA,ACV Auctions Inc.,
BHF,"Brighthouse Financial, Inc.",
MQ,"Marqeta, Inc.",
SHOO,"STEVEN MADDEN, LTD.",
AMED,AMEDISYS INC,
RPD,"Rapid7, Inc.",
NWE,"NorthWestern Energy Group, Inc.",
UCBI,UNITED COMMUNITY BANKS INC,
MGRC,MCGRATH RENTCORP,
FLYW,Flywire Corp,
CCOI,"COGENT COMMUNICATIONS HOLDINGS, INC.",
ACAD,ACADIA PHARMACEUTICALS INC,
CALM,CAL-MAINE FOODS INC,
ROAD,"Construction Partners, Inc.",
DORM,"Dorman Products, Inc.",
GDRX,"GoodRx Holdings, Inc.",
ZD,"ZIFF DAVIS, INC.",
FLNC,"Fluence Energy, Inc.",
MYRG,MYR GROUP INC.,
BANF,BANCFIRST CORP /OK/,
TCBI,TEXAS CAPITAL BANCSHARES INC/TX,
APPN,APPIAN CORP,
MGEE,MGE ENERGY INC,
ARVN,"ARVINAS, INC.",
BEAM,Beam Therapeutics Inc.,
ICFI,"ICF International, Inc.",
GBDC,"GOLUB CAPITAL BDC, Inc.",
JJSF,J&J SNACK FOODS CORP,
CGON,"CG Oncology, Inc.",
CLDX,"Celldex Therapeutics, Inc.",
DNLI,Denali Therapeutics Inc.,
SKYW,SKYWEST INC,
FIBK,FIRST INTERSTATE BANCSYSTEM INC,
GO,Grocery Outlet Holding Corp.,
FHB,"FIRST HAWAIIAN, INC.",
CERT,"Certara, Inc.",
IDCC,"InterDigital, Inc.",
CATY,CATHAY GENERAL BANCORP,
VCTR,"Victory Capital Holdings, Inc.",
CENT,CENTRAL GARDEN & PET CO,
KTOS,"KRATOS DEFENSE & SECURITY SOLUTIONS, INC.",
LGIH,"LGI Homes, Inc.",
GSHD,"Goosehead Insurance, Inc.",
NMRK,"NEWMARK GROUP, INC.",
WSFS,WSFS FINANCIAL CORP,
AVDX,"AvidXchange Holdings, Inc.",
CSQ,CALAMOS STRATEGIC TOTAL RETURN FUND,
IART,INTEGRA LIFESCIENCES HOLDINGS CORP,
PATK,PATRICK INDUSTRIES INC,
HUBG,"Hub Group, Inc.",
NTLA,"Intellia Therapeutics, Inc.",
PINC,"Premier, Inc.",
PENN,"PENN Entertainment, Inc.",
STRA,"Strategic Education, Inc.",
CORT,CORCEPT THERAPEUTICS INC,
INTA,"Intapp, Inc.",
ARLP,ALLIANCE RESOURCE PARTNERS LP,
NMIH,"NMI Holdings, Inc.",
ALPN,"ALPINE IMMUNE SCIENCES, INC.",
PLXS,PLEXUS CORP,
FTDR,"Frontdoor, Inc.",
FULT,FULTON FINANCIAL CORP,
PTVE,Pactiv Evergreen Inc.,
PSMT,PRICESMART INC,
CARG,"CarGurus, Inc.",
NARI,"Inari Medical, Inc.",
DRVN,Driven Brands Holdings Inc.,
RXRX,"RECURSION PHARMACEUTICALS, INC.",
RCKT,"ROCKET PHARMACEUTICALS, INC.",
LZ,"LEGALZOOM.COM, INC.",
KYMR,"Kymera Therapeutics, Inc.",
PDCO,"PATTERSON COMPANIES, INC.",
ROCK,"GIBRALTAR INDUSTRIES, INC.",
TGTX,"TG THERAPEUTICS, INC.",
JBLU,JETBLUE AIRWAYS CORP,
RUN,Sunrun Inc.,
WERN,WERNER ENTERPRISES INC,
BATRA,"Atlanta Braves Holdings, Inc.",
PRCT,PROCEPT BioRobotics Corp,
PLAY,"Dave & Buster's Entertainment, Inc.",
KROS,"Keros Therapeutics, Inc.",
BLMN,"Bloomin' Brands, Inc.",
EBC,"Eastern Bankshares, Inc.",
RYTM,"RHYTHM PHARMACEUTICALS, INC.",
CVBF,CVB FINANCIAL CORP,
SONO,Sonos Inc,
ICUI,ICU MEDICAL INC/DE,
SFNC,SIMMONS FIRST NATIONAL CORP,
SMMT,Summit Therapeutics Inc.,
HTZ,"HERTZ GLOBAL HOLDINGS, INC",
OSIS,OSI SYSTEMS INC,
ALKT,"ALKAMI TECHNOLOGY, INC.",
VCEL,Vericel Corp,
PRGS,PROGRESS SOFTWARE CORP /MA,
IESC,"IES Holdings, Inc.",
TMDX,"TransMedics Group, Inc.",
FA,FIRST ADVANTAGE CORP,
PLUG,PLUG POWER INC,
PSEC,PROSPECT CAPITAL CORP,
LFST,"LifeStance Health Group, Inc.",
PRVA,"Privia Health Group, Inc.",
UPST,"Upstart Holdings, Inc.",
HEES,"H&E Equipment Services, Inc.",
WAFD,WAFD INC,
JAMF,Jamf Holding Corp.,
VERA,"Vera Therapeutics, Inc.",
LAUR,"LAUREATE EDUCATION, INC.",
PPBI,PACIFIC PREMIER BANCORP INC,
PTCT,"PTC THERAPEUTICS, INC.",
INDB,INDEPENDENT BANK CORP,
PZZA,PAPA JOHNS INTERNATIONAL INC,
VSAT,VIASAT INC,
MLKN,"MILLERKNOLL, INC.",
XRX,Xerox Holdings Corp,
DYN,"Dyne Therapeutics, Inc.",
AGYS,AGILYSYS INC,
SITM,SITIME Corp,
MRVI,"MARAVAI LIFESCIENCES HOLDINGS, INC.",
VIAV,VIAVI SOLUTIONS INC.,
SNEX,StoneX Group Inc.,
AMPH,"Amphastar Pharmaceuticals, Inc.",
RUM,Rumble Inc.,
SBCF,SEACOAST BANKING CORP OF FLORIDA,
DNUT,"Krispy Kreme, Inc.",
ARRY,"Array Technologies, Inc.",
GH,"Guardant Health, Inc.",
FOXF,FOX FACTORY HOLDING CORP,
HPK,"HighPeak Energy, Inc.",
FFBC,FIRST FINANCIAL BANCORP /OH/,
AMBA,AMBARELLA INC,
PLUS,EPLUS INC,
PLMR,"Palomar Holdings, Inc.",
GPCR,Structure Therapeutics Inc.,
UCTT,"Ultra Clean Holdings, Inc.",
JANX,"Janux Therapeutics, Inc.",
RKLB,"Rocket Lab USA, Inc.",
OPEN,Opendoor Technologies Inc.,
ARHS,"Arhaus, Inc.",
HLMN,Hillman Solutions Corp.,
SHLS,"Shoals Technologies Group, Inc.",
NMRA,"Neumora Therapeutics, Inc.",
FRME,FIRST MERCHANTS CORP,
TWST,Twist Bioscience Corp,
SANA,"Sana Biotechnology, Inc.",
TNDM,TANDEM DIABETES CARE INC,
MYGN,MYRIAD GENETICS INC,
VECO,VEECO INSTRUMENTS INC,
BMBL,Bumble Inc.,
GERN,GERON CORP,
VRNT,VERINT SYSTEMS INC,
ANDE,"Andersons, Inc.",
NAVI,NAVIENT CORP,
SNDX,Syndax Pharmaceuticals Inc,
PRFT,PERFICIENT INC,
NEO,NEOGENOMICS INC,
ODP,ODP Corp,
UPBD,"UPBOUND GROUP, INC.",
PROK,PROKIDNEY CORP.,
ACMR,"ACM Research, Inc.",
ATEC,"Alphatec Holdings, Inc.",
CPRX,"CATALYST PHARMACEUTICALS, INC.",
HRMY,"Harmony Biosciences Holdings, Inc.",
SDGR,"Schrodinger, Inc.",
MGPI,MGP INGREDIENTS INC,
RNA,"Avidity Biosciences, Inc.",
UFPT,UFP TECHNOLOGIES INC,
BRP,"BRP Group, Inc.",
RXST,"RxSight, Inc.",
STAA,STAAR SURGICAL CO,
AMRX,"Amneal Pharmaceuticals, Inc.",
IBTX,"Independent Bank Group, Inc.",
SOUN,"SOUNDHOUND AI, INC.",
MBIN,Merchants Bancorp,
SUPN,"SUPERNUS PHARMACEUTICALS, INC.",
PLAB,PHOTRONICS INC,
ARDX,"ARDELYX, INC.",
TFIN,"Triumph Financial, Inc.",
NWLI,"National Western Life Group, Inc.",
ASTH,"Astrana Health, Inc.",
CAKE,CHEESECAKE FACTORY INC,
POWL,POWELL INDUSTRIES INC,
UDMY,"Udemy, Inc.",
PAYO,Payoneer Global Inc.,
HURN,Huron Consulting Group Inc.,
CLBK,"Columbia Financial, Inc.",
EVCM,EverCommerce Inc.,
THRM,GENTHERM Inc,
CNXN,PC CONNECTION INC,
UPWK,"UPWORK, INC",
USLM,UNITED STATES LIME & MINERALS INC,
AKRO,"Akero Therapeutics, Inc.",
EYE,"National Vision Holdings, Inc.",
WSBC,WESBANCO INC,
TBBK,"Bancorp, Inc.",
GCMG,GCM Grosvenor Inc.,
NBTB,NBT BANCORP INC,
AGIO,"AGIOS PHARMACEUTICALS, INC.",
VICR,VICOR CORP,
ADUS,Addus HomeCare Corp,
FDMT,"4D Molecular Therapeutics, Inc.",
BTSG,"BrightSpring Health Services, Inc.",
ULCC,"Frontier Group Holdings, Inc.",
LKFN,LAKELAND FINANCIAL CORP,
INBX,"Inhibrx, Inc.",
DVAX,DYNAVAX TECHNOLOGIES CORP,
TLRY,"Tilray Brands, Inc.",
MRCY,MERCURY SYSTEMS INC,
TRMK,TRUSTMARK CORP,
PTGX,"Protagonist Therapeutics, Inc",
MORF,"Morphic Holding, Inc.",
KURA,"Kura Oncology, Inc.",
HWKN,HAWKINS INC,
VCYT,"VERACYTE, INC.",
AMWD,AMERICAN WOODMARK CORP,
DSGR,"Distribution Solutions Group, Inc.",
BANR,BANNER CORP,
CIFR,Cipher Mining Inc.,
ROIC,RETAIL OPPORTUNITY INVESTMENTS CORP,
TTMI,TTM TECHNOLOGIES INC,
NVEE,"NV5 Global, Inc.",
PTON,"PELOTON INTERACTIVE, INC.",
OCSL,Oaktree Specialty Lending Corp,
NTCT,NETSCOUT SYSTEMS INC,
CSGS,CSG SYSTEMS INTERNATIONAL INC,
CHCO,CITY HOLDING CO,
AHCO,AdaptHealth Corp.,
EXPI,"EXP World Holdings, Inc.",
IAS,INTEGRAL AD SCIENCE HOLDING CORP.,
EXTR,EXTREME NETWORKS INC,
LILA,Liberty Latin America Ltd.,
STER,Sterling Check Corp.,
MRTN,MARTEN TRANSPORT LTD,
MXL,"MAXLINEAR, INC",
IRON,"Disc Medicine, Inc.",
COHU,COHU INC,
EWTX,"Edgewise Therapeutics, Inc.",
XPEL,"XPEL, Inc.",
NSSC,"NAPCO SECURITY TECHNOLOGIES, INC",
LMAT,LEMAITRE VASCULAR INC,
ADMA,"ADMA BIOLOGICS, INC.",
ANIP,ANI PHARMACEUTICALS INC,
EFSC,ENTERPRISE FINANCIAL SERVICES CORP,
CHEF,"Chefs' Warehouse, Inc.",
HLIT,HARMONIC INC,
CBRL,"CRACKER BARREL OLD COUNTRY STORE, INC",
FBNC,FIRST BANCORP /NC/,
SMTC,SEMTECH CORP,
SKWD,"Skyward Specialty Insurance Group, Inc.",
UNIT,Uniti Group Inc.,
EVBG,"EVERBRIDGE, INC.",
MGNI,"MAGNITE, INC.",
FWRG,"First Watch Restaurant Group, Inc.",
IMKTA,INGLES MARKETS INC,
HTLF,HEARTLAND FINANCIAL USA INC,
AVPT,"AvePoint, Inc.",
SYRE,"Spyre Therapeutics, Inc.",
NWBI,"Northwest Bancshares, Inc.",
GPRE,Green Plains Inc.,
GYRE,"GYRE THERAPEUTICS, INC.",
IMNM,Immunome Inc.,
OCUL,"OCULAR THERAPEUTIX, INC",
NEXT,NextDecade Corp.,
KNSA,"Kiniksa Pharmaceuticals, Ltd.",
COCO,"Vita Coco Company, Inc.",
MCRI,MONARCH CASINO & RESORT INC,
SGH,"SMART Global Holdings, Inc.",
PRTA,PROTHENA CORP PUBLIC LTD CO,
ADV,Advantage Solutions Inc.,
XNCR,Xencor Inc,
SLNO,SOLENO THERAPEUTICS INC,
KFRC,KFORCE INC,
PCRX,"Pacira BioSciences, Inc.",
VIR,"Vir Biotechnology, Inc.",
DAWN,"Day One Biopharmaceuticals, Inc.",
ATRC,"AtriCure, Inc.",
DMLP,"DORCHESTER MINERALS, L.P.",
ENVX,Enovix Corp,
HOPE,HOPE BANCORP INC,
AMPL,"Amplitude, Inc.",
KALU,KAISER ALUMINUM CORP,
ALGT,Allegiant Travel CO,
ANGI,Angi Inc.,
MNKD,MANNKIND CORP,
SYBT,"Stock Yards Bancorp, Inc.",
CENX,CENTURY ALUMINUM CO,
ACDC,ProFrac Holding Corp.,
APOG,"APOGEE ENTERPRISES, INC.",
JACK,JACK IN THE BOX INC,
IRWD,IRONWOOD PHARMACEUTICALS INC,
KRUS,"KURA SUSHI USA, INC.",
BLTE,"BELITE BIO, INC",
OMCL,"OMNICELL, INC.",
TARS,"Tarsus Pharmaceuticals, Inc.",
PDFS,PDF SOLUTIONS INC,
BASE,"Couchbase, Inc.",
COLL,"COLLEGIUM PHARMACEUTICAL, INC",
BUSE,FIRST BUSEY CORP /NV/,
PWP,Perella Weinberg Partners,
NMFC,New Mountain Finance Corp,
WABC,WESTAMERICA BANCORPORATION,
LESL,"Leslie's, Inc.",
ICHR,"ICHOR HOLDINGS, LTD.",
CASH,"PATHWARD FINANCIAL, INC.",
CRSR,"Corsair Gaming, Inc.",
GIII,G III APPAREL GROUP LTD /DE/,
DCPH,"Deciphera Pharmaceuticals, Inc.",
VSEC,VSE CORP,
SRRK,Scholar Rock Holding Corp,
CMCO,COLUMBUS MCKINNON CORP,
INFN,Infinera Corp,
JBSS,SANFILIPPO JOHN B & SON INC,
LGND,LIGAND PHARMACEUTICALS INC,
SRCE,1ST SOURCE CORP,
MIRM,"Mirum Pharmaceuticals, Inc.",
LQDA,Liquidia Corp,
SAFT,SAFETY INSURANCE GROUP INC,
WINA,WINMARK CORP,
PUBM,"PubMatic, Inc.",
STBA,S&T BANCORP INC,
SEAT,Vivid Seats Inc.,
OXLC,Oxford Lane Capital Corp.,
BLBD,Blue Bird Corp,
TCBK,TRICO BANCSHARES /,
QQQX,Nuveen NASDAQ 100 Dynamic Overwrite Fund,
PRDO,PERDOCEO EDUCATION Corp,
CLMT,"Calumet Specialty Products Partners, L.P.",
NRDS,"NERDWALLET, INC.",
MDXG,"MIMEDX GROUP, INC.",
ADEA,Adeia Inc.,
OLPX,"OLAPLEX HOLDINGS, INC.",
SAGE,"Sage Therapeutics, Inc.",
SCHL,SCHOLASTIC CORP,
EYPT,"EyePoint Pharmaceuticals, Inc.",
DGII,DIGI INTERNATIONAL INC,
TH,Target Hospitality Corp.,
VERV,"Verve Therapeutics, Inc.",
SVC,Service Properties Trust,
VRDN,"Viridian Therapeutics, Inc.\DE",
GOGO,Gogo Inc.,
TRUP,"TRUPANION, INC.",
ECPG,ENCORE CAPITAL GROUP INC,
ETNB,"89bio, Inc.",
VBTX,"Veritex Holdings, Inc.",
TRS,TRIMAS CORP,
RGNX,REGENXBIO Inc.,
ARQT,"Arcutis Biotherapeutics, Inc.",
SCSC,"SCANSOURCE, INC.",
TASK,"TaskUs, Inc.",
LAB,STANDARD BIOTOOLS INC.,
INDI,"indie Semiconductor, Inc.",
CSWC,CAPITAL SOUTHWEST CORP,
RPAY,Repay Holdings Corp,
PFBC,Preferred Bank,
SP,SP Plus Corp,
BCRX,BIOCRYST PHARMACEUTICALS INC,
CRCT,"Cricut, Inc.",
RLAY,"Relay Therapeutics, Inc.",
TILE,INTERFACE INC,
NKLA,Nikola Corp,
PEBO,PEOPLES BANCORP INC,
SCRM,Screaming Eagle Acquisition Corp.,
GDEN,"GOLDEN ENTERTAINMENT, INC.",
PCT,"PureCycle Technologies, Inc.",
SASR,SANDY SPRING BANCORP INC,
PRAA,PRA GROUP INC,
CRAI,"CRA INTERNATIONAL, INC.",
TRNS,TRANSCAT INC,
PACB,"PACIFIC BIOSCIENCES OF CALIFORNIA, INC.",
CVII,Churchill Capital Corp VII,
ZNTL,"Zentalis Pharmaceuticals, Inc.",
GABC,"GERMAN AMERICAN BANCORP, INC.",
SCVL,SHOE CARNIVAL INC,
KYTX,"Kyverna Therapeutics, Inc.",
ASTE,ASTEC INDUSTRIES INC,
RBCAA,REPUBLIC BANCORP INC /KY/,
VITL,"Vital Farms, Inc.",
MFIC,MidCap Financial Investment Corp,
QCRH,QCR HOLDINGS INC,
INVA,"Innoviva, Inc.",
CRGX,"CARGO Therapeutics, Inc.",
AMSF,AMERISAFE INC,
NRC,NATIONAL RESEARCH CORP,
ULH,"UNIVERSAL LOGISTICS HOLDINGS, INC.",
GDYN,"GRID DYNAMICS HOLDINGS, INC.",
QNST,"QUINSTREET, INC",
TTGT,TechTarget Inc,
DH,Definitive Healthcare Corp.,
CHY,CALAMOS CONVERTIBLE & HIGH INCOME FUND,
OCFC,OCEANFIRST FINANCIAL CORP,
ORIC,"Oric Pharmaceuticals, Inc.",
HTLD,HEARTLAND EXPRESS INC,
MNRO,"MONRO, INC.",
DNTH,"Dianthus Therapeutics, Inc. /DE/",
HCSG,HEALTHCARE SERVICES GROUP INC,
MATW,MATTHEWS INTERNATIONAL CORP,
MGNX,MACROGENICS INC,
MSEX,MIDDLESEX WATER CO,
PLRX,"PLIANT THERAPEUTICS, INC.",
SPRY,"ARS Pharmaceuticals, Inc.",
SABR,Sabre Corp,
TYRA,"Tyra Biosciences, Inc.",
QTRX,Quanterix Corp,
WEST,Westrock Coffee Co,
SAVA,CASSAVA SCIENCES INC,
TCPC,BlackRock TCP Capital Corp.,
ALHC,"Alignment Healthcare, Inc.",
ATSG,"Air Transport Services Group, Inc.",
KELYA,KELLY SERVICES INC,
HIBB,HIBBETT INC,
CHI,CALAMOS CONVERTIBLE OPPORTUNITIES & INCOME FUND,
METC,"Ramaco Resources, Inc.",
SBSI,SOUTHSIDE BANCSHARES INC,
SHEN,SHENANDOAH TELECOMMUNICATIONS CO/VA/,
CYRX,"Cryoport, Inc.",
ERII,"Energy Recovery, Inc.",
EOLS,"Evolus, Inc.",
DXPE,DXP ENTERPRISES INC,
BRKL,BROOKLINE BANCORP INC,
CDLX,"Cardlytics, Inc.",
MBUU,"MALIBU BOATS, INC.",
BLFS,BIOLIFE SOLUTIONS INC,
SLP,"Simulations Plus, Inc.",
CGBD,"Carlyle Secured Lending, Inc.",
HUT,Hut 8 Corp.,
CTKB,"Cytek Biosciences, Inc.",
AVO,"Mission Produce, Inc.",
BFC,Bank First Corp,
ROOT,"Root, Inc.",
PRME,"Prime Medicine, Inc.",
WRLD,WORLD ACCEPTANCE CORP,
SLRC,SLR Investment Corp.,
CABA,"Cabaletta Bio, Inc.",
SSYS,STRATASYS LTD.,
BBSI,BARRETT BUSINESS SERVICES INC,
HLVX,"HilleVax, Inc.",
TNGX,"Tango Therapeutics, Inc.",
EU,enCore Energy Corp.,
PTLO,Portillo's Inc.,
ATXS,"Astria Therapeutics, Inc.",
XMTR,"Xometry, Inc.",
SWBI,"SMITH & WESSON BRANDS, INC.",
NVTS,Navitas Semiconductor Corp,
LBAI,LAKELAND BANCORP INC,
HSTM,HEALTHSTREAM INC,
WULF,TERAWULF INC.,
FATE,FATE THERAPEUTICS INC,
ATRI,ATRION CORP,
CECO,CECO ENVIRONMENTAL CORP,
PRTC,PureTech Health plc,
WALD,Waldencast plc,
THRY,"Thryv Holdings, Inc.",
BJRI,BJs RESTAURANTS INC,
ZEUS,OLYMPIC STEEL INC,
FBMS,FIRST BANCSHARES INC /MS/,
SBGI,"Sinclair, Inc.",
ABL,"Abacus Life, Inc.",
EWCZ,"European Wax Center, Inc.",
BELFA,BEL FUSE INC /NJ,
HAYN,HAYNES INTERNATIONAL INC,
CFFN,"Capitol Federal Financial, Inc.",
TWKS,"Thoughtworks Holding, Inc.",
ASTS,"AST SpaceMobile, Inc.",
SNCY,"Sun Country Airlines Holdings, Inc.",
FMBH,"FIRST MID BANCSHARES, INC.",
IMXI,"International Money Express, Inc.",
FWRD,FORWARD AIR CORP,
MNMD,Mind Medicine (MindMed) Inc.,
IIIV,"i3 Verticals, Inc.",
ACCD,"Accolade, Inc.",
TMCI,"TREACE MEDICAL CONCEPTS, INC.",
ELVN,"Enliven Therapeutics, Inc.",
AVTE,"Aerovate Therapeutics, Inc.",
LPRO,Open Lending Corp,
NN,NEXTNAV INC.,
CTBI,COMMUNITY TRUST BANCORP INC /KY/,
FLWS,1 800 FLOWERS COM INC,
ZYME,Zymeworks Inc.,
ALLO,"Allogene Therapeutics, Inc.",
CNOB,"ConnectOne Bancorp, Inc.",
SILK,Silk Road Medical Inc,
CGEM,"Cullinan Oncology, Inc.",
DCOM,"Dime Community Bancshares, Inc. /NY/",
LBPH,"Longboard Pharmaceuticals, Inc.",
EMBC,Embecta Corp.,
APLT,"Applied Therapeutics, Inc.",
RDFN,Redfin Corp,
LAZR,"Luminar Technologies, Inc./DE",
AMAL,Amalgamated Financial Corp.,
HAIN,HAIN CELESTIAL GROUP INC,
VREX,Varex Imaging Corp,
PFC,PREMIER FINANCIAL CORP,
EVGO,EVgo Inc.,
TRIN,Trinity Capital Inc.,
OFLX,"Omega Flex, Inc.",
HA,HAWAIIAN HOLDINGS INC,
OPK,"OPKO HEALTH, INC.",
YMAB,"Y-mAbs Therapeutics, Inc.",
SPTN,SpartanNash Co,
CNDT,CONDUENT Inc,
GENK,"GEN Restaurant Group, Inc.",
PRAX,"Praxis Precision Medicines, Inc.",
VMEO,"Vimeo, Inc.",
ARKO,ARKO Corp.,
SLRN,"ACELYRIN, Inc.",
NVAX,NOVAVAX INC,
NRIX,"Nurix Therapeutics, Inc.",
EGBN,EAGLE BANCORP INC,
SVRA,Savara Inc,
HCKT,"HACKETT GROUP, INC.",
TVGN,Tevogen Bio Holdings Inc.,
FLGT,"Fulgent Genetics, Inc.",
CFB,"CROSSFIRST BANKSHARES, INC.",
CCAP,"Crescent Capital BDC, Inc.",
HSII,HEIDRICK & STRUGGLES INTERNATIONAL INC,
AMRK,"A-Mark Precious Metals, Inc.",
MLYS,"Mineralys Therapeutics, Inc.",
SNPO,Snap One Holdings Corp.,
INNV,InnovAge Holding Corp.,
CORZ,"Core Scientific, Inc./tx",
DSP,Viant Technology Inc.,
NYMT,NEW YORK MORTGAGE TRUST INC,
HFWA,HERITAGE FINANCIAL CORP /WA/,
CASS,CASS INFORMATION SYSTEMS INC,
EVER,"EverQuote, Inc.",
CCRN,CROSS COUNTRY HEALTHCARE INC,
ATRO,ASTRONICS CORP,
OABI,"OmniAb, Inc.",
KIDS,ORTHOPEDIATRICS CORP,
SIBN,"SI-BONE, Inc.",
ATEX,Anterix Inc.,
OLMA,"Olema Pharmaceuticals, Inc.",
FIP,FTAI Infrastructure Inc.,
TIPT,TIPTREE INC.,
GSBC,"GREAT SOUTHERN BANCORP, INC.",
PLPC,PREFORMED LINE PRODUCTS CO,
FCBC,FIRST COMMUNITY BANKSHARES INC /VA/,
COGT,"Cogent Biosciences, Inc.",
MCBS,"MetroCity Bankshares, Inc.",
BWMN,Bowman Consulting Group Ltd.,
HBT,"HBT Financial, Inc.",
LASR,"NLIGHT, INC.",
TALK,"Talkspace, Inc.",
PHAT,"Phathom Pharmaceuticals, Inc.",
OSBC,OLD SECOND BANCORP INC,
LNZA,"LanzaTech Global, Inc.",
EDIT,"Editas Medicine, Inc.",
KRRO,"Korro Bio, Inc.",
ALTI,"AlTi Global, Inc.",
CRNC,Cerence Inc.,
TRML,"Tourmaline Bio, Inc.",
MITK,MITEK SYSTEMS INC,
BRY,Berry Corp (bry),
SIGA,SIGA TECHNOLOGIES INC,
CCD,Calamos Dynamic Convertible & Income Fund,
DHC,DIVERSIFIED HEALTHCARE TRUST,
PNTG,"Pennant Group, Inc.",
TSHA,"Taysha Gene Therapies, Inc.",
EZPW,EZCORP INC,
MBWM,MERCANTILE BANK CORP,
CVLG,"COVENANT LOGISTICS GROUP, INC.",
ALXO,ALX ONCOLOGY HOLDINGS INC,
FDUS,FIDUS INVESTMENT Corp,
AIRJ,Montana Technologies Corp.,
TVTX,"Travere Therapeutics, Inc.",
NBBK,"NB Bancorp, Inc.",
CHUY,"CHUY'S HOLDINGS, INC.",
UVSP,UNIVEST FINANCIAL Corp,
FULC,"Fulcrum Therapeutics, Inc.",
ANAB,"ANAPTYSBIO, INC",
RILY,"B. Riley Financial, Inc.",
CCCC,"C4 Therapeutics, Inc.",
GLDD,Great Lakes Dredge & Dock CORP,
ALEC,"Alector, Inc.",
FRPH,"FRP HOLDINGS, INC.",
CSTL,CASTLE BIOSCIENCES INC,
KRT,Karat Packaging Inc.,
MTTR,"Matterport, Inc./DE",
BMEA,"Biomea Fusion, Inc.",
AAOI,"APPLIED OPTOELECTRONICS, INC.",
LQDT,LIQUIDITY SERVICES INC,
ABSI,Absci Corp,
CMPO,"CompoSecure, Inc.",
GOOD,GLADSTONE COMMERCIAL CORP,
MNTK,"Montauk Renewables, Inc.",
ALNT,ALLIENT INC,
APLD,Applied Digital Corp.,
AVBP,"ArriVent Biopharma, Inc.",
EVLV,"Evolv Technologies Holdings, Inc.",
BFST,"Business First Bancshares, Inc.",
UFCS,UNITED FIRE GROUP INC,
MLAB,MESA LABORATORIES INC /CO/,
DMRC,Digimarc CORP,
TAST,"CARROLS RESTAURANT GROUP, INC.",
HBNC,HORIZON BANCORP INC /IN/,
IRMD,IRADIMED CORP,
CLNE,Clean Energy Fuels Corp.,
IGMS,"IGM Biosciences, Inc.",
TREE,"LendingTree, Inc.",
TITN,Titan Machinery Inc.,
RBBN,Ribbon Communications Inc.,
LXRX,"LEXICON PHARMACEUTICALS, INC.",
GRPN,"Groupon, Inc.",
CEVA,CEVA INC,
RDUS,"RADIUS RECYCLING, INC.",
NKTX,"Nkarta, Inc.",
BIGC,"BigCommerce Holdings, Inc.",
WOOF,"Petco Health & Wellness Company, Inc.",
MRSN,"Mersana Therapeutics, Inc.",
ANNX,"Annexon, Inc.",
PIII,P3 Health Partners Inc.,
HDSN,HUDSON TECHNOLOGIES INC /NY,
LWLG,"Lightwave Logic, Inc.",
ACTG,ACACIA RESEARCH CORP,
NCMI,"National CineMedia, Inc.",
SCWX,SecureWorks Corp,
MSBI,"Midland States Bancorp, Inc.",
RICK,"RCI HOSPITALITY HOLDINGS, INC.",
AMCX,AMC Networks Inc.,
SLDB,Solid Biosciences Inc.,
CBUS,"Cibus, Inc.",
CATC,CAMBRIDGE BANCORP,
FCEL,FUELCELL ENERGY INC,
TRST,TRUSTCO BANK CORP N Y,
SKIN,Beauty Health Co,
KE,"Kimball Electronics, Inc.",
CDNA,"CareDx, Inc.",
PETQ,"PetIQ, Inc.",
TBLD,Thornburg Income Builder Opportunities Trust,
LSEA,Landsea Homes Corp,
BYND,"BEYOND MEAT, INC.",
IBCP,INDEPENDENT BANK CORP /MI/,
YORW,YORK WATER CO,
HTBK,HERITAGE COMMERCE CORP,
PAHC,PHIBRO ANIMAL HEALTH CORP,
DJCO,DAILY JOURNAL CORP,
REPL,"Replimune Group, Inc.",
AMNB,AMERICAN NATIONAL BANKSHARES INC.,
CNSL,"Consolidated Communications Holdings, Inc.",
CCB,COASTAL FINANCIAL CORP,
GAIN,GLADSTONE INVESTMENT CORPORATIONDE,
VYGR,"Voyager Therapeutics, Inc.",
LYEL,"Lyell Immunopharma, Inc.",
LIND,"LINDBLAD EXPEDITIONS HOLDINGS, INC.",
SMBC,"SOUTHERN MISSOURI BANCORP, INC.",
RVNC,"Revance Therapeutics, Inc.",
LEGH,Legacy Housing Corp,
ACIC,AMERICAN COASTAL INSURANCE Corp,
LXEO,"Lexeo Therapeutics, Inc.",
OPAL,OPAL Fuels Inc.,
LRMR,"Larimar Therapeutics, Inc.",
RSVR,"Reservoir Media, Inc.",
CVGW,CALAVO GROWERS INC,
MRNS,"MARINUS PHARMACEUTICALS, INC.",
RWAY,Runway Growth Finance Corp.,
ESPR,"Esperion Therapeutics, Inc.",
DAVE,Dave Inc./DE,
BAND,Bandwidth Inc.,
FMNB,FARMERS NATIONAL BANC CORP /OH/,
OCGN,"Ocugen, Inc.",
AMSC,AMERICAN SUPERCONDUCTOR CORP /DE/,
AVAH,"Aveanna Healthcare Holdings, Inc.",
TTEC,"TTEC Holdings, Inc.",
SKYT,"SkyWater Technology, Inc",
CRBU,"Caribou Biosciences, Inc.",
CAC,CAMDEN NATIONAL CORP,
QRTEA,"Qurate Retail, Inc.",
LAND,GLADSTONE LAND Corp,
GCBC,GREENE COUNTY BANCORP INC,
PLSE,"Pulse Biosciences, Inc.",
AKBA,"Akebia Therapeutics, Inc.",
ATNI,"ATN International, Inc.",
ALT,"Altimmune, Inc.",
JOUT,JOHNSON OUTDOORS INC,
CCBG,CAPITAL CITY BANK GROUP INC,
HAFC,HANMI FINANCIAL CORP,
LMB,"Limbach Holdings, Inc.",
VTYX,"Ventyx Biosciences, Inc.",
AVNW,"AVIAT NETWORKS, INC.",
NTGR,"NETGEAR, INC.",
MXCT,"MAXCYTE, INC.",
CELC,Celcuity Inc.,
ADPT,Adaptive Biotechnologies Corp,
CTLP,"CANTALOUPE, INC.",
HONE,"HarborOne Bancorp, Inc.",
DGICA,DONEGAL GROUP INC,
SPWR,SUNPOWER CORP,
OSUR,ORASURE TECHNOLOGIES INC,
GLAD,GLADSTONE CAPITAL CORP,
HRTX,"HERON THERAPEUTICS, INC. /DE/",
WASH,WASHINGTON TRUST BANCORP INC,
BTMD,biote Corp.,
HTBI,"HomeTrust Bancshares, Inc.",
TRDA,"Entrada Therapeutics, Inc.",
STTK,"Shattuck Labs, Inc.",
SEZL,Sezzle Inc.,
HCAT,"Health Catalyst, Inc.",
DENN,DENNY'S Corp,
RDZN,Roadzen Inc.,
PEPG,PepGen Inc.,
ATLC,Atlanticus Holdings Corp,
ANSC,Agriculture & Natural Solutions Acquisition Corp,
THFF,FIRST FINANCIAL CORP /IN/,
ZIMV,ZimVie Inc.,
MGX,"Metagenomi, Inc.",
SLAM,Slam Corp.,
RGP,"RESOURCES CONNECTION, INC.",
LYTS,LSI INDUSTRIES INC,
OSPN,OneSpan Inc.,
CDMO,"Avid Bioservices, Inc.",
JSPR,"Jasper Therapeutics, Inc.",
LFMD,"LifeMD, Inc.",
RENB,RENOVARO INC.,
TERN,"Terns Pharmaceuticals, Inc.",
DHIL,DIAMOND HILL INVESTMENT GROUP INC,
SWIM,"Latham Group, Inc.",
ALRS,ALERUS FINANCIAL CORP,
HROW,"HARROW, INC.",
SPFI,"SOUTH PLAINS FINANCIAL, INC.",
DAKT,DAKTRONICS INC /SD/,
ADTN,"ADTRAN Holdings, Inc.",
CLFD,"Clearfield, Inc.",
NVEC,NVE CORP /NEW/,
BBCP,"Concrete Pumping Holdings, Inc.",
NFBK,"Northfield Bancorp, Inc.",
WLDN,"Willdan Group, Inc.",
VLGEA,VILLAGE SUPER MARKET INC,
CHW,Calamos Global Dynamic Income Fund,
DRCT,"Direct Digital Holdings, Inc.",
ONEW,OneWater Marine Inc.,
CCNE,CNB FINANCIAL CORP/PA,
DCGO,DocGo Inc.,
FSBC,FIVE STAR BANCORP,
ZYXI,ZYNEX INC,
PGC,PEAPACK GLADSTONE FINANCIAL CORP,
HNST,"Honest Company, Inc.",
RCEL,"AVITA Medical, Inc.",
SHYF,"SHYFT GROUP, INC.",
BHRB,Burke & Herbert Financial Services Corp.,
ITOS,"iTeos Therapeutics, Inc.",
CSTR,"CapStar Financial Holdings, Inc.",
MGTX,MeiraGTx Holdings plc,
AROW,ARROW FINANCIAL CORP,
GLUE,"Monte Rosa Therapeutics, Inc.",
FORR,"FORRESTER RESEARCH, INC.",
CLOV,"CLOVER HEALTH INVESTMENTS, CORP. /DE",
CVRX,"CVRx, Inc.",
CRMT,AMERICAS CARMART INC,
AURA,"Aura Biosciences, Inc.",
FARO,FARO TECHNOLOGIES INC,
NETD,Nabors Energy Transition Corp. II,
SRDX,SURMODICS INC,
IVVD,"Invivyd, Inc.",
BLZE,"Backblaze, Inc.",
RMR,RMR GROUP INC.,
TCMD,TACTILE SYSTEMS TECHNOLOGY INC,
FBLG,"FibroBiologics, Inc.",
KRNY,Kearny Financial Corp.,
DSKE,"Daseke, Inc.",
SENEA,Seneca Foods Corp,
ESQ,"Esquire Financial Holdings, Inc.",
ASLE,AerSale Corp,
HCVI,Hennessy Capital Investment Corp. VI,
AMSWA,AMERICAN SOFTWARE INC,
NATR,NATURES SUNSHINE PRODUCTS INC,
SMMF,"SUMMIT FINANCIAL GROUP, INC.",
TNYA,"Tenaya Therapeutics, Inc.",
TCRX,"TScan Therapeutics, Inc.",
MCFT,"MasterCraft Boat Holdings, Inc.",
INZY,"Inozyme Pharma, Inc.",
SMXT,"SolarMax Technology, Inc.",
AVXL,ANAVEX LIFE SCIENCES CORP.,
ANIK,"Anika Therapeutics, Inc.",
AQST,"Aquestive Therapeutics, Inc.",
NPCE,NeuroPace Inc,
HRZN,Horizon Technology Finance Corp,
CRBP,"Corbus Pharmaceuticals Holdings, Inc.",
HUMA,"Humacyte, Inc.",
SHBI,SHORE BANCSHARES INC,
BOOM,DMC Global Inc.,
REAL,"TheRealReal, Inc.",
HEAR,Turtle Beach Corp,
GUTS,"Fractyl Health, Inc.",
PBPB,POTBELLY CORP,
LYRA,"Lyra Therapeutics, Inc.",
PRCH,"Porch Group, Inc.",
VALU,VALUE LINE INC,
ARTNA,ARTESIAN RESOURCES CORP,
MTRX,MATRIX SERVICE CO,
PTSI,PAM TRANSPORTATION SERVICES INC,
MOFG,"MidWestOne Financial Group, Inc.",
VMD,"VIEMED HEALTHCARE, INC.",
MYPS,"PLAYSTUDIOS, Inc.",
RRBI,RED RIVER BANCSHARES INC,
ORGO,Organogenesis Holdings Inc.,
GPRO,"GoPro, Inc.",
PGEN,"PRECIGEN, INC.",
LMNR,Limoneira CO,
UHG,"United Homes Group, Inc.",
THRD,"Third Harmonic Bio, Inc.",
FFIC,FLUSHING FINANCIAL CORP,
PKOH,PARK OHIO HOLDINGS CORP,
LUNG,Pulmonx Corp,
MVIS,"MICROVISION, INC.",
AIRS,"Airsculpt Technologies, Inc.",
NWPX,NORTHWEST PIPE CO,
RXT,"Rackspace Technology, Inc.",
MODV,ModivCare Inc,
EGHT,8X8 INC /DE/,
MLGO,MicroAlgo Inc.,
SVII,Spring Valley Acquisition Corp. II,
DOMO,"DOMO, INC.",
BVS,Bioventus Inc.,
NAUT,"Nautilus Biotechnology, Inc.",
LOVE,Lovesac Co,
IPX,IPERIONX Ltd,
MPB,MID PENN BANCORP INC,
LINC,LINCOLN EDUCATIONAL SERVICES CORP,
CCLP,CSI Compressco LP,
MCBC,MACATAWA BANK CORP,
IPXX,Inflection Point Acquisition Corp. II,
RBB,RBB Bancorp,
POWW,"AMMO, INC.",
SPOK,"Spok Holdings, Inc",
AVIR,"Atea Pharmaceuticals, Inc.",
KOD,Kodiak Sciences Inc.,
ISPR,Ispire Technology Inc.,
CERS,CERUS CORP,
SSP,E.W. SCRIPPS Co,
CLMB,"Climb Global Solutions, Inc.",
AXGN,"Axogen, Inc.",
ERAS,"Erasca, Inc.",
WLFC,WILLIS LEASE FINANCE CORP,
PANL,Pangaea Logistics Solutions Ltd.,
FNKO,"Funko, Inc.",
ADVM,"Adverum Biotechnologies, Inc.",
SHCR,"Sharecare, Inc.",
AEHR,AEHR TEST SYSTEMS,
BWB,Bridgewater Bancshares Inc,
SNBR,Sleep Number Corp,
NODK,"NI Holdings, Inc.",
SMTI,Sanara MedTech Inc.,
GWRS,"Global Water Resources, Inc.",
TTSH,"TILE SHOP HOLDINGS, INC.",
TGAN,"Transphorm, Inc.",
EBTC,ENTERPRISE BANCORP INC /MA/,
VSTM,"Verastem, Inc.",
BRLT,"Brilliant Earth Group, Inc.",
GOSS,"Gossamer Bio, Inc.",
FENC,FENNEC PHARMACEUTICALS INC.,
ITIC,INVESTORS TITLE CO,
TRUE,"TrueCar, Inc.",
ACNB,ACNB CORP,
BYRN,Byrna Technologies Inc.,
PSTX,"Poseida Therapeutics, Inc.",
ENTA,ENANTA PHARMACEUTICALS INC,
REFI,"Chicago Atlantic Real Estate Finance, Inc.",
CPZ,Calamos Long/Short Equity & Dynamic Income Trust,
SERA,"SERA PROGNOSTICS, INC.",
WEYS,WEYCO GROUP INC,
FBIZ,"FIRST BUSINESS FINANCIAL SERVICES, INC.",
FRST,Primis Financial Corp.,
XERS,"Xeris Biopharma Holdings, Inc.",
SFIX,"Stitch Fix, Inc.",
INO,"INOVIO PHARMACEUTICALS, INC.",
SLDP,"Solid Power, Inc.",
RAPT,"RAPT Therapeutics, Inc.",
FMAO,FARMERS & MERCHANTS BANCORP INC,
ADTH,"AdTheorent Holding Company, Inc.",
STOK,"Stoke Therapeutics, Inc.",
INBK,First Internet Bancorp,
HBCP,"HOME BANCORP, INC.",
BTBT,"Bit Digital, Inc",
PFIS,PEOPLES FINANCIAL SERVICES CORP.,
WHF,"WhiteHorse Finance, Inc.",
UNTY,UNITY BANCORP INC /NJ/,
NOTV,"Inotiv, Inc.",
RMNI,"Rimini Street, Inc.",
CDXC,ChromaDex Corp.,
XOMA,XOMA Corp,
HMST,"HomeStreet, Inc.",
LOCO,"El Pollo Loco Holdings, Inc.",
WTBA,WEST BANCORPORATION INC,
FSTR,FOSTER L B CO,
COMM,"CommScope Holding Company, Inc.",
ORRF,ORRSTOWN FINANCIAL SERVICES INC,
LE,"LANDS' END, INC.",
CARE,"Carter Bankshares, Inc.",
ZUMZ,Zumiez Inc,
CZNC,CITIZENS & NORTHERN CORP,
CBNK,Capital Bancorp Inc,
SGC,"SUPERIOR GROUP OF COMPANIES, INC.",
IPSC,"Century Therapeutics, Inc.",
FISI,FINANCIAL INSTITUTIONS INC,
NATH,"NATHANS FAMOUS, INC.",
BSRR,SIERRA BANCORP,
TLS,TELOS CORP,
MVBF,MVB FINANCIAL CORP,
FHTX,Foghorn Therapeutics Inc.,
BCAL,Southern California Bancorp CA,
GRTS,"Gritstone bio, Inc.",
BDTX,"Black Diamond Therapeutics, Inc.",
NRIM,NORTHRIM BANCORP INC,
AFCG,"AFC Gamma, Inc.",
PRLH,Pearl Holdings Acquisition Corp,
ILPT,Industrial Logistics Properties Trust,
CMPX,"Compass Therapeutics, Inc.",
AIP,"Arteris, Inc.",
FGEN,FIBROGEN INC,
TCBX,"Third Coast Bancshares, Inc.",
PBYI,"PUMA BIOTECHNOLOGY, INC.",
CCSI,"Consensus Cloud Solutions, Inc.",
EMLD,FTAC Emerald Acquisition Corp.,
LNKB,"LINKBANCORP, Inc.",
FDBC,FIDELITY D & D BANCORP INC,
RGTI,"Rigetti Computing, Inc.",
BLUE,"bluebird bio, Inc.",
FSBW,"FS Bancorp, Inc.",
BMRC,Bank of Marin Bancorp,
NEWT,"NewtekOne, Inc.",
CHRS,"Coherus BioSciences, Inc.",
APPS,"Digital Turbine, Inc.",
LWAY,"Lifeway Foods, Inc.",
OBT,"Orange County Bancorp, Inc. /DE/",
SBT,"Sterling Bancorp, Inc.",
FNLC,"First Bancorp, Inc /ME/",
TSVT,"2seventy bio, Inc.",
CLAR,Clarus Corp,
QSI,Quantum-Si Inc,
CRDF,"Cardiff Oncology, Inc.",
HOWL,"Werewolf Therapeutics, Inc.",
UTMD,UTAH MEDICAL PRODUCTS INC,
PRLD,Prelude Therapeutics Inc,
BSVN,Bank7 Corp.,
JAKK,JAKKS PACIFIC INC,
GLSI,"Greenwich LifeSciences, Inc.",
BLNK,Blink Charging Co.,
JMSB,"John Marshall Bancorp, Inc.",
APEI,AMERICAN PUBLIC EDUCATION INC,
SFST,SOUTHERN FIRST BANCSHARES INC,
RIGL,RIGEL PHARMACEUTICALS INC,
ABOS,"Acumen Pharmaceuticals, Inc.",
SGHT,"Sight Sciences, Inc.",
RDVT,"Red Violet, Inc.",
HOFT,HOOKER FURNISHINGS Corp,
ARAY,ACCURAY INC,
CDT,CONDUIT PHARMACEUTICALS INC.,
MVST,"Microvast Holdings, Inc.",
TLSI,"TriSalus Life Sciences, Inc.",
IMMR,IMMERSION CORP,
TRVI,"Trevi Therapeutics, Inc.",
PRTH,"Priority Technology Holdings, Inc.",
PLMJ,Plum Acquisition Corp. III,
STI,Solidion Technology Inc.,
INSE,"Inspired Entertainment, Inc.",
DIBS,"1stdibs.com, Inc.",
ZEO,Zeo Energy Corp.,
RENE,Cartesian Growth Corp II,
NNBR,NN INC,
PBFS,"Pioneer Bancorp, Inc./MD",
CDXS,"CODEXIS, INC.",
XFOR,"X4 Pharmaceuticals, Inc",
FLIC,FIRST OF LONG ISLAND CORP,
PLL,Piedmont Lithium Inc.,
BNAI,Brand Engagement Network Inc.,
CIVB,"CIVISTA BANCSHARES, INC.",
BAER,"Bridger Aerospace Group Holdings, Inc.",
HLXB,Helix Acquisition Corp. II,
GOEV,Canoo Inc.,
AKYA,"Akoya Biosciences, Inc.",
GOCO,"GoHealth, Inc.",
FUND,SPROTT FOCUS TRUST INC.,
IHRT,"iHeartMedia, Inc.",
NWFL,NORWOOD FINANCIAL CORP,
TWIN,TWIN DISC INC,
CTRN,Citi Trends Inc,
SSBK,"Southern States Bancshares, Inc.",
ATOS,"ATOSSA THERAPEUTICS, INC.",
BCML,BayCom Corp,
AGEN,AGENUS INC,
QUIK,QUICKLOGIC Corp,
KOPN,KOPIN CORP,
WGS,GeneDx Holdings Corp.,
CVCY,CENTRAL VALLEY COMMUNITY BANCORP,
PCB,PCB BANCORP,
SMID,SMITH MIDLAND CORP,
XBIT,XBiotech Inc.,
PCYO,PURE CYCLE CORP,
ELEV,"Elevation Oncology, Inc.",
CRMD,CorMedix Inc.,
WSBF,"Waterstone Financial, Inc.",
ZVRA,"ZEVRA THERAPEUTICS, INC.",
IRBT,IROBOT CORP,
VNDA,Vanda Pharmaceuticals Inc.,
OVID,Ovid Therapeutics Inc.,
BLFY,Blue Foundry Bancorp,
PYXS,"Pyxis Oncology, Inc.",
PFMT,Performant Financial Corp,
ARQ,"Arq, Inc.",
USCB,"USCB FINANCIAL HOLDINGS, INC.",
CONX,CONX Corp.,
AXTI,AXT INC,
ALCO,"ALICO, INC.",
ME,23andMe Holding Co.,
ASPI,ASP Isotopes Inc.,
MASS,908 Devices Inc.,
SWKH,SWK Holdings Corp,
NECB,"NorthEast Community Bancorp, Inc./MD/",
CVLY,CODORUS VALLEY BANCORP INC,
FVCB,"FVCBankcorp, Inc.",
GTHX,"G1 Therapeutics, Inc.",
VXRT,"Vaxart, Inc.",
TSBK,TIMBERLAND BANCORP INC,
VRCA,Verrica Pharmaceuticals Inc.,
OPTX,"SYNTEC OPTICS HOLDINGS, INC.",
AMTX,"AEMETIS, INC",
MACK,MERRIMACK PHARMACEUTICALS INC,
OMER,OMEROS CORP,
PLBC,PLUMAS BANCORP,
RMBL,"RumbleOn, Inc.",
CVGI,"Commercial Vehicle Group, Inc.",
LCUT,"LIFETIME BRANDS, INC",
GBIO,Generation Bio Co.,
CZFS,CITIZENS FINANCIAL SERVICES INC,
USAP,UNIVERSAL STAINLESS & ALLOY PRODUCTS INC,
CFFS,CF Acquisition Corp. VII,
ANGO,ANGIODYNAMICS INC,
TDUP,ThredUp Inc.,
INMB,"Inmune Bio, Inc.",
ASUR,ASURE SOFTWARE INC,
ALIM,ALIMERA SCIENCES INC,
PDLB,"Ponce Financial Group, Inc.",
OPRX,OptimizeRx Corp,
DSGN,"Design Therapeutics, Inc.",
SMLR,"Semler Scientific, Inc.",
CAPR,"CAPRICOR THERAPEUTICS, INC.",
CSPI,CSP INC /MA/,
FREE,"Whole Earth Brands, Inc.",
PKBK,"PARKE BANCORP, INC.",
BWFG,"Bankwell Financial Group, Inc.",
ABEO,ABEONA THERAPEUTICS INC.,
EOSE,"Eos Energy Enterprises, Inc.",
LCNB,LCNB CORP,
AISP,"Airship AI Holdings, Inc.",
GHIX,"Gores Holdings IX, Inc.",
DLHC,DLH Holdings Corp.,
KVAC,Keen Vision Acquisition Corp.,
EGAN,EGAIN Corp,
ITI,"ITERIS, INC.",
STRO,"SUTRO BIOPHARMA, INC.",
BLDE,"Blade Air Mobility, Inc.",
VRA,"Vera Bradley, Inc.",
RGCO,RGC RESOURCES INC,
CHMG,CHEMUNG FINANCIAL CORP,
MCAA,Mountain & Co. I Acquisition Corp.,
CBAN,COLONY BANKCORP INC,
BPRN,"Princeton Bancorp, Inc.",
OVLY,Oak Valley Bancorp,
III,Information Services Group Inc.,
HFFG,HF Foods Group Inc.,
NKSH,NATIONAL BANKSHARES INC,
EML,EASTERN CO,
AUGX,"Augmedix, Inc.",
MBCN,MIDDLEFIELD BANC CORP,
SSTI,"SOUNDTHINKING, INC.",
SEVN,Seven Hills Realty Trust,
JYNT,JOINT Corp,
RCKY,"ROCKY BRANDS, INC.",
OTLK,"Outlook Therapeutics, Inc.",
VERI,"Veritone, Inc.",
DXLG,"DESTINATION XL GROUP, INC.",
KLTR,KALTURA INC,
FFNW,"First Financial Northwest, Inc.",
COFS,CHOICEONE FINANCIAL SERVICES INC,
HYZN,Hyzon Motors Inc.,
CALB,California BanCorp,
OMGA,"Omega Therapeutics, Inc.",
AMLX,"Amylyx Pharmaceuticals, Inc.",
MOND,"Mondee Holdings, Inc.",
MAMA,"Mama's Creations, Inc.",
GLYC,GLYCOMIMETICS INC,
RGLS,Regulus Therapeutics Inc.,
ESCA,ESCALADE INC,
PMTS,CPI Card Group Inc.,
ESSA,"ESSA Bancorp, Inc.",
ACET,"Adicet Bio, Inc.",
FLL,FULL HOUSE RESORTS INC,
FLXS,FLEXSTEEL INDUSTRIES INC,
MAPS,"WM TECHNOLOGY, INC.",
OB,Outbrain Inc.,
OXSQ,Oxford Square Capital Corp.,
PNRG,PRIMEENERGY RESOURCES CORP,
MFIN,MEDALLION FINANCIAL CORP,
LUNR,"Intuitive Machines, Inc.",
STRS,STRATUS PROPERTIES INC,
VOXX,VOXX International Corp,
OBIO,"Orchestra BioMed Holdings, Inc.",
INVE,"Identiv, Inc.",
SCPH,scPharmaceuticals Inc.,
HBIO,HARVARD BIOSCIENCE INC,
QIPT,Quipt Home Medical Corp.,
SHIM,Shimmick Corp,
SNFCA,SECURITY NATIONAL FINANCIAL CORP,
ATLO,AMES NATIONAL CORP,
TELO,"Telomir Pharmaceuticals, Inc.",
CLPT,"ClearPoint Neuro, Inc.",
RCMT,"RCM TECHNOLOGIES, INC.",
REKR,"Rekor Systems, Inc.",
PTMN,Portman Ridge Finance Corp,
SGMT,Sagimet Biosciences Inc.,
PAYS,"Paysign, Inc.",
INGN,Inogen Inc,
GEOS,GEOSPACE TECHNOLOGIES CORP,
INOD,INNODATA INC,
TUSK,"MAMMOTH ENERGY SERVICES, INC.",
PWFL,"PowerFleet, Inc.",
VIRC,VIRCO MFG CORPORATION,
LVO,"LiveOne, Inc.",
CDZI,CADIZ INC,
ALDX,"Aldeyra Therapeutics, Inc.",
MRAM,EVERSPIN TECHNOLOGIES INC,
BCBP,BCB BANCORP INC,
VERY,"Vericity, Inc.",
SKGR,SK Growth Opportunities Corp,
OPTN,"OptiNose, Inc.",
STHO,Star Holdings,
SPKL,Spark I Acquisition Corp,
BRKH,BurTech Acquisition Corp.,
HNRG,HALLADOR ENERGY CO,
HQI,"HireQuest, Inc.",
DLTH,DULUTH HOLDINGS INC.,
SYRS,"Syros Pharmaceuticals, Inc.",
PXLW,"PIXELWORKS, INC",
NKTR,NEKTAR THERAPEUTICS,
LFCR,"LIFECORE BIOMEDICAL, INC. DE",
ATOM,Atomera Inc,
GNLX,GENELUX Corp,
RANI,"Rani Therapeutics Holdings, Inc.",
WNEB,"Western New England Bancorp, Inc.",
GRWG,GrowGeneration Corp.,
CFFI,C & F FINANCIAL CORP,
SCWO,374Water Inc.,
EHTH,"eHealth, Inc.",
CPSS,"CONSUMER PORTFOLIO SERVICES, INC.",
VCSA,"Vacasa, Inc.",
QRHC,Quest Resource Holding Corp,
NVCT,"Nuvectis Pharma, Inc.",
ACHV,"ACHIEVE LIFE SCIENCES, INC.",
KPTI,Karyopharm Therapeutics Inc.,
PEGR,Project Energy Reimagined Acquisition Corp.,
ISTR,Investar Holding Corp,
ALCY,Alchemy Investments Acquisition Corp 1,
ATLX,Atlas Lithium Corp,
SCLX,Scilex Holding Co,
MPAA,MOTORCAR PARTS OF AMERICA INC,
VABK,Virginia National Bankshares Corp,
PVBC,"Provident Bancorp, Inc. /MD/",
PLCE,"Childrens Place, Inc.",
PRPL,"Purple Innovation, Inc.",
OPBK,OP Bancorp,
ESHA,ESH Acquisition Corp.,
PESI,PERMA FIX ENVIRONMENTAL SERVICES INC,
MRCC,MONROE CAPITAL Corp,
ULBI,ULTRALIFE CORP,
PEBK,PEOPLES BANCORP OF NORTH CAROLINA INC,
RLMD,"RELMADA THERAPEUTICS, INC.",
EXFY,"Expensify, Inc.",
FUNC,FIRST UNITED CORP/MD/,
TZOO,TRAVELZOO,
GEVO,"Gevo, Inc.",
PDSB,PDS Biotechnology Corp,
TLGY,TLGY ACQUISITION CORP,
FNWB,First Northwest Bancorp,
WW,"WW INTERNATIONAL, INC.",
ALTO,"Alto Ingredients, Inc.",
CTMX,"CytomX Therapeutics, Inc.",
GALT,GALECTIN THERAPEUTICS INC,
HWBK,"HAWTHORN BANCSHARES, INC.",
ACRV,"Acrivon Therapeutics, Inc.",
SAMG,Silvercrest Asset Management Group Inc.,
FONR,FONAR CORP,
OCEA,"Ocean Biomedical, Inc.",
PWOD,PENNS WOODS BANCORP INC,
SGA,SAGA COMMUNICATIONS INC,
BDSX,BIODESIX INC,
ZFOX,"ZeroFox Holdings, Inc.",
MYFW,First Western Financial Inc,
RMBI,"Richmond Mutual Bancorporation, Inc.",
TWLV,Twelve Seas Investment Co. II,
MNTX,"Manitex International, Inc.",
VOR,Vor Biopharma Inc.,
ALSA,Alpha Star Acquisition Corp,
ISRL,Israel Acquisitions Corp,
STIM,"Neuronetics, Inc.",
UNB,UNION BANKSHARES INC,
MNSB,"MainStreet Bancshares, Inc.",
TBRG,"TruBridge, Inc.",
CWBC,COMMUNITY WEST BANCSHARES /,
WISH,ContextLogic Inc.,
ESOA,Energy Services of America CORP,
TELA,"TELA Bio, Inc.",
INTZ,INTRUSION INC,
FCCO,FIRST COMMUNITY CORP /SC/,
NNAG,99 Acquisition Group Inc.,
UEIC,UNIVERSAL ELECTRONICS INC,
CRVO,CervoMed Inc.,
VMCA,Valuence Merger Corp. I,
LGVC,LAMF Global Ventures Corp. I,
ALOT,"AstroNova, Inc.",
CLSD,"Clearside Biomedical, Inc.",
TAYD,TAYLOR DEVICES INC,
BANX,ArrowMark Financial Corp.,
BSET,BASSETT FURNITURE INDUSTRIES INC,
FGBI,"First Guaranty Bancshares, Inc.",
BFIN,BankFinancial CORP,
LIFE,aTYR PHARMA INC,
COYA,"Coya Therapeutics, Inc.",
HURC,HURCO COMPANIES INC,
ZLS,Zalatoris II Acquisition Corp,
CFBK,CF BANKSHARES INC.,
NGM,NGM BIOPHARMACEUTICALS INC,
OFS,OFS Capital Corp,
CTXR,"Citius Pharmaceuticals, Inc.",
BYSI,BeyondSpring Inc.,
LTRX,LANTRONIX INC,
FAT,"Fat Brands, Inc",
TPIC,"TPI COMPOSITES, INC",
RELL,"RICHARDSON ELECTRONICS, LTD.",
CZWI,Citizens Community Bancorp Inc.,
VTNR,Vertex Energy Inc.,
RMGC,RMG Acquisition Corp. III,
AEYE,AUDIOEYE INC,
NTIC,NORTHERN TECHNOLOGIES INTERNATIONAL CORP,
FIAC,Focus Impact Acquisition Corp.,
FINW,Finwise Bancorp,
CXDO,"Crexendo, Inc.",
STKS,"ONE Group Hospitality, Inc.",
UBFO,UNITED SECURITY BANCSHARES,
KNTE,Kinnate Biopharma Inc.,
GATE,Marblegate Acquisition Corp.,
SEER,"Seer, Inc.",
NPAB,New Providence Acquisition Corp. II,
ISSC,INNOVATIVE SOLUTIONS & SUPPORT INC,
LUNA,LUNA INNOVATIONS INC,
MCRB,"Seres Therapeutics, Inc.",
PLMI,Plum Acquisition Corp. I,
SGMO,"SANGAMO THERAPEUTICS, INC",
KLXE,"KLX Energy Services Holdings, Inc.",
PPYA,Papaya Growth Opportunity Corp. I,
GIFI,GULF ISLAND FABRICATION INC,
BOCN,Blue Ocean Acquisition Corp,
ALLK,Allakos Inc.,
GMGI,"Golden Matrix Group, Inc.",
ECBK,"ECB Bancorp, Inc. /MD/",
SKYX,SKYX Platforms Corp.,
CELU,Celularity Inc,
IMUX,"IMMUNIC, INC.",
SSSS,SURO CAPITAL CORP.,
SHOT,"Safety Shot, Inc.",
BVFL,"BV Financial, Inc.",
FSFG,"First Savings Financial Group, Inc.",
WMPN,William Penn Bancorporation,
FNCB,"FNCB Bancorp, Inc.",
FNGR,"FingerMotion, Inc.",
LAKE,LAKELAND INDUSTRIES INC,
VTGN,"Vistagen Therapeutics, Inc.",
FRAF,FRANKLIN FINANCIAL SERVICES CORP /PA/,
BCAB,"BioAtla, Inc.",
OVBC,OHIO VALLEY BANC CORP,
ARRW,Arrowroot Acquisition Corp.,
VTSI,"VirTra, Inc",
TOI,"Oncology Institute, Inc.",
EPSN,Epsilon Energy Ltd.,
SCTL,"Societal CDMO, Inc.",
KGEI,Kolibri Global Energy Inc.,
COOL,Corner Growth Acquisition Corp.,
CDAQ,Compass Digital Acquisition Corp.,
CBFV,"CB Financial Services, Inc.",
MRBK,Meridian Corp,
RNAC,"Cartesian Therapeutics, Inc.",
PFTA,Perception Capital Corp. III,
CPHC,Canterbury Park Holding Corp,
CITE,Cartica Acquisition Corp,
AREC,American Resources Corp,
OCCI,"OFS Credit Company, Inc.",
CMCA,Capitalworks Emerging Markets Acquisition Corp,
PRPH,"ProPhase Labs, Inc.",
FXNC,FIRST NATIONAL CORP /VA/,
VIGL,"Vigil Neuroscience, Inc.",
HNVR,"Hanover Bancorp, Inc. /NY",
VANI,"Vivani Medical, Inc.",
AOUT,"American Outdoor Brands, Inc.",
FNWD,Finward Bancorp,
DPCS,DP Cap Acquisition Corp I,
MCAC,Monterey Capital Acquisition Corp,
SPWH,"SPORTSMAN'S WAREHOUSE HOLDINGS, INC.",
LTRN,Lantern Pharma Inc.,
DCTH,"DELCATH SYSTEMS, INC.",
PROP,Prairie Operating Co.,
ACNT,ASCENT INDUSTRIES CO.,
AFBI,"Affinity Bancshares, Inc.",
ANIX,Anixa Biosciences Inc,
FTLF,"FITLIFE BRANDS, INC.",
CSLM,CSLM ACQUISITION CORP.,
GPAC,Global Partner Acquisition Corp II,
VINC,"Vincerx Pharma, Inc.",
LARK,LANDMARK BANCORP INC,
DMAC,DiaMedica Therapeutics Inc.,
LIFW,"MSP Recovery, Inc.",
SFBC,"Sound Financial Bancorp, Inc.",
THCP,"Thunder Bridge Capital Partners IV, Inc.",
MITA,Coliseum Acquisition Corp.,
EBMT,"Eagle Bancorp Montana, Inc.",
IVAC,INTEVAC INC,
RVSB,RIVERVIEW BANCORP INC,
CARM,Carisma Therapeutics Inc.,
RR,RICHTECH ROBOTICS INC.,
BRID,BRIDGFORD FOODS CORP,
RRGB,RED ROBIN GOURMET BURGERS INC,
CGO,CALAMOS GLOBAL TOTAL RETURN FUND,
OM,"Outset Medical, Inc.",
ATHA,"Athira Pharma, Inc.",
UONE,"URBAN ONE, INC.",
HGBL,Heritage Global Inc.,
MMLP,MARTIN MIDSTREAM PARTNERS L.P.,
ETON,"Eton Pharmaceuticals, Inc.",
KRMD,"KORU Medical Systems, Inc.",
FTII,FutureTech II Acquisition Corp.,
ASRT,"Assertio Holdings, Inc.",
ATMV,AlphaVest Acquisition Corp.,
BIRD,"Allbirds, Inc.",
PETS,PETMED EXPRESS INC,
OPI,OFFICE PROPERTIES INCOME TRUST,
TKNO,"Alpha Teknova, Inc.",
CNGL,Canna-Global Acquisition Corp,
PWUP,PowerUp Acquisition Corp.,
TENK,TenX Keane Acquisition,
KVHI,KVH INDUSTRIES INC \DE\,
GECC,Great Elm Capital Corp.,
FEIM,FREQUENCY ELECTRONICS INC,
BSBK,Bogota Financial Corp.,
PMGM,Priveterra Acquisition Corp. II,
HMNF,HMN FINANCIAL INC,
BEEM,Beam Global,
FCAP,FIRST CAPITAL INC,
NB,NIOCORP DEVELOPMENTS LTD,
FORA,Forian Inc.,
BLAC,Bellevue Life Sciences Acquisition Corp.,
RWOD,Redwoods Acquisition Corp.,
QDRO,Quadro Acquisition One Corp.,
ANTX,"AN2 Therapeutics, Inc.",
KEQU,KEWAUNEE SCIENTIFIC CORP /DE/,
BOWN,Bowen Acquisition Corp,
GODN,Golden Star Acquisition Corp,
TBMC,Trailblazer Merger Corp I,
MDBH,"MDB Capital Holdings, LLC",
STRT,STRATTEC SECURITY CORP,
AENT,ALLIANCE ENTERTAINMENT HOLDING CORP,
SBFG,"SB FINANCIAL GROUP, INC.",
LEE,"LEE ENTERPRISES, Inc",
HSPO,Horizon Space Acquisition I Corp.,
GNSS,Genasys Inc.,
LPSN,LIVEPERSON INC,
PROV,PROVIDENT FINANCIAL HOLDINGS INC,
RSSS,"Research Solutions, Inc.",
PFX,PhenixFIN Corp,
ABAT,AMERICAN BATTERY TECHNOLOGY Co,
WRAP,"WRAP TECHNOLOGIES, INC.",
GSIT,GSI TECHNOLOGY INC,
PFIE,PROFIRE ENERGY INC,
SNCR,SYNCHRONOSS TECHNOLOGIES INC,
SPRO,"Spero Therapeutics, Inc.",
AFJK,"Aimei Health Technology Co., Ltd.",
PRTS,"CarParts.com, Inc.",
CMTL,COMTECH TELECOMMUNICATIONS CORP /DE/,
QETA,Quetta Acquisition Corp,
CMCT,Creative Media & Community Trust Corp,
BLEU,bleuacacia ltd,
SRBK,"SR Bancorp, Inc.",
VAXX,"Vaxxinity, Inc.",
GLLI,GLOBALINK INVESTMENT INC.,
ARYD,ARYA Sciences Acquisition Corp IV,
EQ,"Equillium, Inc.",
KRNL,"Kernel Group Holdings, Inc.",
AACI,Armada Acquisition Corp. I,
PMVP,"PMV Pharmaceuticals, Inc.",
IROH,Iron Horse Acquisitions Corp.,
RVPH,"REVIVA PHARMACEUTICALS HOLDINGS, INC.",
ONYX,Onyx Acquisition Co. I,
ALVR,"Allovir, Inc.",
UPLD,"Upland Software, Inc.",
MAYS,MAYS J W INC,
USCT,Roth CH Acquisition Co.,
ACAB,Atlantic Coastal Acquisition Corp. II,
CMRX,CHIMERIX INC,
LUXH,LUXURBAN HOTELS INC.,
OPRT,Oportun Financial Corp,
CNTY,CENTURY CASINOS INC /CO/,
TMTC,TMT Acquisition Corp.,
XFIN,ExcelFin Acquisition Corp.,
LDTC,LeddarTech Holdings Inc.,
GLST,Global Star Acquisition Inc.,
CRVS,"Corvus Pharmaceuticals, Inc.",
RBKB,"Rhinebeck Bancorp, Inc.",
VERU,VERU INC.,
IMAQ,International Media Acquisition Corp.,
BTAI,"BioXcel Therapeutics, Inc.",
UBCP,UNITED BANCORP INC /OH/,
QUBT,Quantum Computing Inc.,
BCOV,BRIGHTCOVE INC,
BHAC,Focus Impact BH3 Acquisition Co,
CUE,"Cue Biopharma, Inc.",
NDLS,NOODLES & Co,
CONN,CONNS INC,
OPOF,OLD POINT FINANCIAL CORP,
GAMC,Golden Arrow Merger Corp.,
VUZI,Vuzix Corp,
LFVN,Lifevantage Corp,
ACRS,"Aclaris Therapeutics, Inc.",
OCAX,OCA Acquisition Corp.,
EMCG,Embrace Change Acquisition Corp.,
AITR,AI Transportation Acquisition Corp,
TPST,"Tempest Therapeutics, Inc.",
AEAE,AltEnergy Acquisition Corp,
SND,"Smart Sand, Inc.",
OMEX,ODYSSEY MARINE EXPLORATION INC,
BGFV,BIG 5 SPORTING GOODS Corp,
PUCK,Goal Acquisitions Corp.,
SOTK,SONO TEK CORP,
BWAQ,Blue World Acquisition Corp,
SURG,"SurgePays, Inc.",
ELYM,"Eliem Therapeutics, Inc.",
ELUT,ELUTIA INC.,
IMMX,"Immix Biopharma, Inc.",
VIA,"Via Renewables, Inc.",
IRAA,Iris Acquisition Corp,
PET,Wag! Group Co.,
COCH,"Envoy Medical, Inc.",
SIEB,SIEBERT FINANCIAL CORP,
FEAM,"5E Advanced Materials, Inc.",
LIVE,LIVE VENTURES Inc,
GTAC,Global Technology Acquisition Corp. I,
FBYD,"Falcon's Beyond Global, Inc.",
DTIL,PRECISION BIOSCIENCES INC,
GBBK,Global Blockchain Acquisition Corp.,
NHTC,NATURAL HEALTH TRENDS CORP,
GRDI,GRIID Infrastructure Inc.,
PBHC,"Pathfinder Bancorp, Inc.",
DTI,Drilling Tools International Corp,
RZLT,"Rezolute, Inc.",
CBRG,Chain Bridge I,
HYPR,"Hyperfine, Inc.",
SLNG,"Stabilis Solutions, Inc.",
ASYS,AMTECH SYSTEMS INC,
INAQ,Insight Acquisition Corp. /DE,
ATMC,ALPHATIME ACQUISITION CORP,
GDST,Goldenstone Acquisition Ltd.,
NUTX,"Nutex Health, Inc.",
FEXD,Fintech Ecosystem Development Corp.,
GAIA,"GAIA, INC",
IDN,"Intellicheck, Inc.",
TBNK,Territorial Bancorp Inc.,
SWSS,Clean Energy Special Situations Corp.,
TRON,CORNER GROWTH ACQUISITION CORP. 2,
IMRX,Immuneering Corp,
IVCP,Swiftmerge Acquisition Corp.,
NVNO,enVVeno Medical Corp,
SCOR,"COMSCORE, INC.",
FARM,FARMER BROTHERS CO,
FORL,Four Leaf Acquisition Corp,
CULL,"Cullman Bancorp, Inc. /MD/",
ORGN,"Origin Materials, Inc.",
XOS,"Xos, Inc.",
ASMB,"ASSEMBLY BIOSCIENCES, INC.",
PSNL,"Personalis, Inc.",
KRON,"Kronos Bio, Inc.",
TIL,"Instil Bio, Inc.",
INTS,"INTENSITY THERAPEUTICS, INC.",
ATRA,"Atara Biotherapeutics, Inc.",
CGTX,COGNITION THERAPEUTICS INC,
PASG,"Passage BIO, Inc.",
ALGS,"Aligos Therapeutics, Inc.",
MSSA,Metal Sky Star Acquisition Corp,
HOOK,HOOKIPA Pharma Inc.,
IKNA,"Ikena Oncology, Inc.",
OSS,"ONE STOP SYSTEMS, INC.",
CSBR,"CHAMPIONS ONCOLOGY, INC.",
RAIL,"FreightCar America, Inc.",
STIX,"Semantix, Inc.",
ELTX,"Elicio Therapeutics, Inc.",
GMFI,Aetherium Acquisition Corp,
PLBY,"PLBY Group, Inc.",
SEPA,SEP Acquisition Corp.,
SSNT,"SilverSun Technologies, Inc.",
FLUX,"Flux Power Holdings, Inc.",
AUBN,"AUBURN NATIONAL BANCORPORATION, INC",
TSBX,Turnstone Biologics Corp.,
KZR,"Kezar Life Sciences, Inc.",
CDTX,"Cidara Therapeutics, Inc.",
MGYR,"Magyar Bancorp, Inc.",
MNOV,MEDICINOVA INC,
MGRM,MONOGRAM ORTHOPAEDICS INC,
NVAC,NorthView Acquisition Corp,
MAQC,Maquia Capital Acquisition Corp,
ROCL,Roth CH Acquisition V Co.,
LSBK,"LAKE SHORE BANCORP, INC.",
AUID,authID Inc.,
CLOE,Clover Leaf Capital Corp.,
HCWB,HCW Biologics Inc.,
LABP,"Landos Biopharma, Inc.",
PTWO,"Pono Capital Two, Inc.",
EGRX,"EAGLE PHARMACEUTICALS, INC.",
USGO,U.S. GoldMining Inc.,
WKHS,Workhorse Group Inc.,
MKTW,"MARKETWISE, INC.",
ANEB,"Anebulo Pharmaceuticals, Inc.",
TCBC,"TC Bancshares, Inc.",
CRIS,CURIS INC,
CODA,"Coda Octopus Group, Inc.",
PPIH,"Perma-Pipe International Holdings, Inc.",
NBST,Newbury Street Acquisition Corp,
CTCX,Carmell Corp,
QMCO,QUANTUM CORP /DE/,
VBFC,Village Bank & Trust Financial Corp.,
MODD,"Modular Medical, Inc.",
RDI,READING INTERNATIONAL INC,
ONDS,Ondas Holdings Inc.,
TYGO,"TIGO ENERGY, INC.",
LPTX,"LEAP THERAPEUTICS, INC.",
BZFD,"BuzzFeed, Inc.",
STCN,"Steel Connect, Inc.",
WFCF,"Where Food Comes From, Inc.",
PDEX,PRO DEX INC,
BNIX,Bannix Acquisition Corp.,
SSIC,Silver Spike Investment Corp.,
AIRT,AIR T INC,
ACAC,Acri Capital Acquisition Corp,
IGTA,Inception Growth Acquisition Ltd,
SRTS,"Sensus Healthcare, Inc.",
LRFC,Logan Ridge Finance Corp.,
XBP,"XBP Europe Holdings, Inc.",
MBTC,Nocturne Acquisition Corp,
MCHX,MARCHEX INC,
RLYB,Rallybio Corp,
GEG,"Great Elm Group, Inc.",
GANX,"Gain Therapeutics, Inc.",
GRYP,"Gryphon Digital Mining, Inc.",
LVLU,"Lulu's Fashion Lounge Holdings, Inc.",
AONC,"American Oncology Network, Inc.",
FTCI,"FTC Solar, Inc.",
KYCH,Keyarch Acquisition Corp,
LOAN,"MANHATTAN BRIDGE CAPITAL, INC",
SOHO,Sotherly Hotels Inc.,
SLS,"SELLAS Life Sciences Group, Inc.",
HOUR,"Hour Loop, Inc",
AIRG,AIRGAIN INC,
CMLS,CUMULUS MEDIA INC,
EGIO,"Edgio, Inc.",
XAIR,"Beyond Air, Inc.",
BNGO,"Bionano Genomics, Inc.",
AAME,ATLANTIC AMERICAN CORP,
DERM,Journey Medical Corp,
BEAT,"HeartBeam, Inc.",
MOBX,"MOBIX LABS, INC",
CCTS,Cactus Acquisition Corp. 1 Ltd,
AKTS,"Akoustis Technologies, Inc.",
IROQ,"IF Bancorp, Inc.",
RCAT,"Red Cat Holdings, Inc.",
CRWS,CROWN CRAFTS INC,
LINK,INTERLINK ELECTRONICS INC,
CLST,"Catalyst Bancorp, Inc.",
DECA,Denali Capital Acquisition Corp.,
FUSB,"FIRST US BANCSHARES, INC.",
GORV,"Lazydays Holdings, Inc.",
RPHM,"Reneo Pharmaceuticals, Inc.",
CLNN,Clene Inc.,
NXTC,"NextCure, Inc.",
AVRO,"AVROBIO, Inc.",
AIRE,reAlpha Tech Corp.,
KSCP,"Knightscope, Inc.",
AMIX,"Autonomix Medical, Inc.",
EYEN,"EYENOVIA, INC.",
PPSI,"PIONEER POWER SOLUTIONS, INC.",
BYFC,BROADWAY FINANCIAL CORP \DE\,
LPTH,LIGHTPATH TECHNOLOGIES INC,
HHS,HARTE HANKS INC,
PLTN,Plutonian Acquisition Corp.,
AADI,"Aadi Bioscience, Inc.",
TACT,TRANSACT TECHNOLOGIES INC,
SCYX,SCYNEXIS INC,
STRC,Palladyne AI Corp.,
BAFN,BayFirst Financial Corp.,
BRAC,Broad Capital Acquisition Corp,
UNCY,"Unicycive Therapeutics, Inc.",
SDIG,"Stronghold Digital Mining, Inc.",
HNNA,HENNESSY ADVISORS INC,
DARE,"Dare Bioscience, Inc.",
IPWR,Ideal Power Inc.,
ICU,SeaStar Medical Holding Corp,
QNCX,"Quince Therapeutics, Inc.",
INAB,"IN8BIO, INC.",
HSON,"Hudson Global, Inc.",
LUCD,Lucid Diagnostics Inc.,
APLM,Apollomics Inc.,
ARKR,ARK RESTAURANTS CORP,
AQMS,"Aqua Metals, Inc.",
ELDN,"Eledon Pharmaceuticals, Inc.",
KTCC,KEY TRONIC CORP,
CHCI,"Comstock Holding Companies, Inc.",
BREZ,Breeze Holdings Acquisition Corp.,
INTG,INTERGROUP CORP,
BWEN,"BROADWIND, INC.",
NSTS,"NSTS Bancorp, Inc.",
CURI,CuriosityStream Inc.,
SHFS,"SHF Holdings, Inc.",
NICK,NICHOLAS FINANCIAL INC,
NRXP,"NRX Pharmaceuticals, Inc.",
OPXS,Optex Systems Holdings Inc,
PODC,"PodcastOne, Inc.",
OCUP,"Ocuphire Pharma, Inc.",
CKPT,"Checkpoint Therapeutics, Inc.",
CLRB,"Cellectar Biosciences, Inc.",
WTMA,Welsbach Technology Metals Acquisition Corp.,
BOTJ,BANK OF THE JAMES FINANCIAL GROUP INC,
CXAI,CXApp Inc.,
ICCH,"ICC Holdings, Inc.",
DZSI,DZS INC.,
REFR,RESEARCH FRONTIERS INC,
EFTR,"eFFECTOR Therapeutics, Inc.",
CFSB,"CFSB Bancorp, Inc. /MA/",
SELF,"Global Self Storage, Inc.",
CTSO,Cytosorbents Corp,
DTST,Data Storage Corp,
VTVT,vTv Therapeutics Inc.,
MARX,Mars Acquisition Corp.,
DYAI,DYADIC INTERNATIONAL INC,
RMTI,"ROCKWELL MEDICAL, INC.",
HUDA,Hudson Acquisition I Corp.,
CUBA,HERZFELD CARIBBEAN BASIN FUND INC,
AOGO,Arogo Capital Acquisition Corp.,
TCBS,"Texas Community Bancshares, Inc.",
KPLT,"Katapult Holdings, Inc.",
ASRV,AMERISERV FINANCIAL INC /PA/,
WINV,WinVest Acquisition Corp.,
BGXX,Bright Green Corp,
TARA,"Protara Therapeutics, Inc.",
HYMC,HYCROFT MINING HOLDING CORP,
NKGN,"NKGen Biotech, Inc.",
BOLT,"Bolt Biotherapeutics, Inc.",
APYX,Apyx Medical Corp,
ICMB,"Investcorp Credit Management BDC, Inc.",
CETY,"Clean Energy Technologies, Inc.",
CARA,"Cara Therapeutics, Inc.",
FOSL,"Fossil Group, Inc.",
FLNT,"Fluent, Inc.",
DWSN,DAWSON GEOPHYSICAL CO,
CLRO,CLEARONE INC,
INTE,Integral Acquisition Corp 1,
CADL,"Candel Therapeutics, Inc.",
ZCAR,"Zoomcar Holdings, Inc.",
GROW,U S GLOBAL INVESTORS INC,
YOTA,Yotta Acquisition Corp,
MACA,Moringa Acquisition Corp,
HYFM,"HYDROFARM HOLDINGS GROUP, INC.",
FSEA,"First Seacoast Bancorp, Inc.",
VIRX,"Viracta Therapeutics, Inc.",
TURN,180 DEGREE CAPITAL CORP. /NY/,
MRKR,"Marker Therapeutics, Inc.",
DXR,DAXOR CORP,
KINS,"KINGSTONE COMPANIES, INC.",
CPTN,"Cepton, Inc.",
IRIX,IRIDEX CORP,
CALC,"CalciMedica, Inc.",
VYNE,VYNE Therapeutics Inc.,
EVTV,"Envirotech Vehicles, Inc.",
BCOW,"1895 Bancorp of Wisconsin, Inc. /MD/",
HOVR,New Horizon Aircraft Ltd.,
AIB,AIB Acquisition Corp,
CREX,"CREATIVE REALITIES, INC.",
RPID,"RAPID MICRO BIOSYSTEMS, INC.",
CYTH,"Cyclo Therapeutics, Inc.",
ESLA,"Estrella Immunopharma, Inc.",
USIO,"Usio, Inc.",
APAC,StoneBridge Acquisition Corp.,
SABS,"SAB Biotherapeutics, Inc.",
GAME,"GameSquare Holdings, Inc.",
FTHM,Fathom Holdings Inc.,
TECTP,"Tectonic Financial, Inc.",
DHAC,DIGITAL HEALTH ACQUISITION CORP.,
ICCC,IMMUCELL CORP /DE/,
DHAI,"DIH HOLDING US, INC.",
ICAD,ICAD INC,
LTBR,LIGHTBRIDGE Corp,
FGF,Fundamental Global Inc.,
HFBL,"Home Federal Bancorp, Inc. of Louisiana",
MCAF,Mountain Crest Acquisition Corp. IV,
CASI,"CASI Pharmaceuticals, Inc.",
NCSM,"NCS Multistage Holdings, Inc.",
CPBI,"Central Plains Bancshares, Inc.",
CLIR,ClearSign Technologies Corp,
LNSR,"LENSAR, Inc.",
MDAI,"Spectral AI, Inc.",
QOMO,Qomolangma Acquisition Corp.,
OMIC,"Singular Genomics Systems, Inc.",
SYPR,SYPRIS SOLUTIONS INC,
NSYS,NORTECH SYSTEMS INC,
AERT,"Aeries Technology, Inc.",
AWRE,AWARE INC /MA/,
WAVS,Western Acquisition Ventures Corp.,
ECOR,"electroCore, Inc.",
TLF,TANDY LEATHER FACTORY INC,
NAII,NATURAL ALTERNATIVES INTERNATIONAL INC,
AWH,Aspira Women's Health Inc.,
SOND,Sonder Holdings Inc.,
JRSH,"Jerash Holdings (US), Inc.",
YHGJ,YUNHONG GREEN CTI LTD.,
DRRX,DURECT CORP,
SNAL,"Snail, Inc.",
POCI,"PRECISION OPTICS CORPORATION, INC.",
MESA,MESA AIR GROUP INC,
IZEA,"IZEA Worldwide, Inc.",
RAND,RAND CAPITAL CORP,
BTOG,BIT ORIGIN Ltd,
UG,UNITED GUARDIAN INC,
FEMY,FEMASYS INC,
FTEK,"FUEL TECH, INC.",
CTNT,CHEETAH NET SUPPLY CHAIN SERVICE INC.,
FBIO,"Fortress Biotech, Inc.",
INSG,INSEEGO CORP.,
PBBK,"PB Bankshares, Inc.",
CODX,"Co-Diagnostics, Inc.",
USAU,U.S. GOLD CORP.,
AGAE,Allied Gaming & Entertainment Inc.,
MCAG,Mountain Crest Acquisition Corp. V,
ALCE,"Alternus Clean Energy, Inc.",
CVV,CVD EQUIPMENT CORP,
FKWL,FRANKLIN WIRELESS CORP,
ACXP,"Acurx Pharmaceuticals, Inc.",
GREE,Greenidge Generation Holdings Inc.,
AVHI,Achari Ventures Holdings Corp. I,
NEOV,NeoVolta Inc.,
OPHC,"OptimumBank Holdings, Inc.",
APCX,AppTech Payments Corp.,
BIOR,"BIORA THERAPEUTICS, INC.",
NMTC,NEUROONE MEDICAL TECHNOLOGIES Corp,
DUOT,"DUOS TECHNOLOGIES GROUP, INC.",
CASA,Casa Systems Inc,
RFIL,R F INDUSTRIES LTD,
NTWK,NETSOL TECHNOLOGIES INC,
FCUV,FOCUS UNIVERSAL INC.,
BIVI,BIOVIE INC.,
ECDA,"ECD Automotive Design, Inc.",
DAIO,DATA I/O CORP,
DFLI,Dragonfly Energy Holdings Corp.,
INKT,"MiNK Therapeutics, Inc.",
TWOU,"2U, Inc.",
BCLI,BRAINSTORM CELL THERAPEUTICS INC.,
VGAS,"Verde Clean Fuels, Inc.",
TPCS,TECHPRECISION CORP,
KFFB,Kentucky First Federal Bancorp,
CUTR,CUTERA INC,
KIRK,"KIRKLAND'S, INC",
TCRT,"Alaunos Therapeutics, Inc.",
SPRB,"SPRUCE BIOSCIENCES, INC.",
MULN,MULLEN AUTOMOTIVE INC.,
ORGS,Orgenesis Inc.,
BTM,Bitcoin Depot Inc.,
ALRN,AILERON THERAPEUTICS INC,
SNSE,"Sensei Biotherapeutics, Inc.",
EMKR,EMCORE CORP,
HLTH,Cue Health Inc.,
OESX,"ORION ENERGY SYSTEMS, INC.",
STRM,STREAMLINE HEALTH SOLUTIONS INC.,
SONM,SONIM TECHNOLOGIES INC,
RAVE,"RAVE RESTAURANT GROUP, INC.",
MSS,Maison Solutions Inc.,
GTIM,Good Times Restaurants Inc.,
CDIO,"Cardio Diagnostics Holdings, Inc.",
CSLR,"Complete Solaria, Inc.",
NXPL,NextPlat Corp,
SRZN,"Surrozen, Inc./DE",
USEG,US ENERGY CORP,
CERO,"CERO THERAPEUTICS HOLDINGS, INC.",
PEV,PHOENIX MOTOR INC.,
SMSI,"SMITH MICRO SOFTWARE, INC.",
FPAY,"FlexShopper, Inc.",
MSAI,"MultiSensor AI Holdings, Inc.",
LSTA,"LISATA THERAPEUTICS, INC.",
XGN,EXAGEN INC.,
CPSH,CPS TECHNOLOGIES CORP/DE/,
UBX,"Unity Biotechnology, Inc.",
SWAG,"Stran & Company, Inc.",
HOLO,MicroCloud Hologram Inc.,
MEIP,"MEI Pharma, Inc.",
EKSO,"EKSO BIONICS HOLDINGS, INC.",
FBRX,"Forte Biosciences, Inc.",
WVVI,WILLAMETTE VALLEY VINEYARDS INC,
ETAO,"ETAO International Co., Ltd.",
DLPN,"Dolphin Entertainment, Inc.",
BTCS,BTCS Inc.,
RNXT,"RenovoRx, Inc.",
ATER,"Aterian, Inc.",
BBGI,BEASLEY BROADCAST GROUP INC,
NEPH,NEPHROS INC,
ABIO,"ARCA biopharma, Inc.",
OCX,Oncocyte Corp,
RENT,"Rent the Runway, Inc.",
CPIX,CUMBERLAND PHARMACEUTICALS INC,
ULY,Urgent.ly Inc.,
LRHC,La Rosa Holdings Corp.,
ONCT,"Oncternal Therapeutics, Inc.",
TXMD,"TherapeuticsMD, Inc.",
XPON,Expion360 Inc.,
WHLM,"Wilhelmina International, Inc.",
VRM,"Vroom, Inc.",
NTRB,NutriBand Inc.,
AAGR,African Agriculture Holdings Inc.,
BIAF,"bioAffinity Technologies, Inc.",
SGRP,"SPAR Group, Inc.",
KOSS,KOSS CORP,
IPDN,"Professional Diversity Network, Inc.",
AKLI,"Akili, Inc.",
RMCF,"Rocky Mountain Chocolate Factory, Inc.",
BFRG,"BullFrog AI Holdings, Inc.",
PALT,"PALTALK, INC.",
OCC,OPTICAL CABLE CORP,
UGRO,"urban-gro, Inc.",
HOFV,Hall of Fame Resort & Entertainment Co,
CWD,CaliberCos Inc.,
LUMO,"LUMOS PHARMA, INC.",
DMTK,"DermTech, Inc.",
MOVE,Movano Inc.,
APRE,"Aprea Therapeutics, Inc.",
GBNY,"Generations Bancorp NY, Inc.",
SGMA,SIGMATRON INTERNATIONAL INC,
LPCN,Lipocine Inc.,
VWE,"Vintage Wine Estates, Inc.",
PRST,Presto Automation Inc.,
KALA,"KALA BIO, Inc.",
NMHI,Nature's Miracle Holding Inc.,
TCON,"Tracon Pharmaceuticals, Inc.",
NRBO,"NeuroBo Pharmaceuticals, Inc.",
PMCB,"PharmaCyte Biotech, Inc.",
MRAI,"Marpai, Inc.",
RVYL,RYVYL Inc.,
QTI,"QT IMAGING HOLDINGS, INC.",
INDP,"Indaptus Therapeutics, Inc.",
SYBX,"SYNLOGIC, INC.",
DALN,DallasNews Corp,
XTIA,"XTI Aerospace, Inc.",
AXDX,"Accelerate Diagnostics, Inc",
VIVK,"Vivakor, Inc.",
CNTX,Context Therapeutics Inc.,
GIPR,"GENERATION INCOME PROPERTIES, INC.",
VRAR,"Glimpse Group, Inc.",
SANW,S&W Seed Co,
ALPP,"ALPINE 4 HOLDINGS, INC.",
XELB,"XCel Brands, Inc.",
CMAX,"CareMax, Inc.",
XELA,"Exela Technologies, Inc.",
XLO,"Xilio Therapeutics, Inc.",
TLPH,"TALPHERA, INC.",
TAIT,TAITRON COMPONENTS INC,
CCLD,"CareCloud, Inc.",
TNXP,Tonix Pharmaceuticals Holding Corp.,
JCTCF,JEWETT CAMERON TRADING CO LTD,
PAVM,PAVmed Inc.,
BENF,Beneficient,
AMPG,"AmpliTech Group, Inc.",
NERV,"Minerva Neurosciences, Inc.",
GYRO,"Gyrodyne, LLC",
EDUC,EDUCATIONAL DEVELOPMENT CORP,
PIRS,"PIERIS PHARMACEUTICALS, INC.",
TRUG,"TruGolf Holdings, Inc.",
CNVS,Cineverse Corp.,
ONTX,"Onconova Therapeutics, Inc.",
SNTI,"Senti Biosciences, Inc.",
RMCO,Royalty Management Holding Corp,
PETV,"PetVivo Holdings, Inc.",
MIRA,"MIRA PHARMACEUTICALS, INC.",
PIXY,"ShiftPixy, Inc.",
SQFT,"Presidio Property Trust, Inc.",
TFFP,"TFF Pharmaceuticals, Inc.",
MINM,"MINIM, INC.",
SSKN,"STRATA Skin Sciences, Inc.",
AYTU,"AYTU BIOPHARMA, INC",
PMD,PSYCHEMEDICS CORP,
TSRI,TSR INC,
RGS,REGIS CORP,
MCVT,"Mill City Ventures III, Ltd",
MMAT,META MATERIALS INC.,
HWH,HWH International Inc.,
SGLY,Singularity Future Technology Ltd.,
TLIS,Talis Biomedical Corp,
INHD,INNO HOLDINGS INC.,
MTEX,MANNATECH INC,
SRM,"SRM Entertainment, Inc.",
NXGL,"NEXGEL, INC.",
IPW,iPower Inc.,
GLBZ,GLEN BURNIE BANCORP,
BRFH,BARFRESH FOOD GROUP INC.,
ACOR,"Acorda Therapeutics, Inc.",
SPEC,Spectaire Holdings Inc.,
JAGX,"Jaguar Health, Inc.",
COCP,"Cocrystal Pharma, Inc.",
ASTC,ASTROTECH Corp,
SIDU,Sidus Space Inc.,
PNBK,PATRIOT NATIONAL BANCORP INC,
FGI,FGI Industries Ltd.,
BMRA,BIOMERICA INC,
STRR,"STAR EQUITY HOLDINGS, INC.",
MEDS,"TRxADE HEALTH, INC",
TOMZ,"TOMI Environmental Solutions, Inc.",
ELSE,ELECTRO SENSORS INC,
ASTR,"Astra Space, Inc.",
TBIO,Telesis Bio Inc.,
ISPO,Inspirato Inc,
CISO,"CISO Global, Inc.",
TTOO,"T2 Biosystems, Inc.",
IKT,"Inhibikase Therapeutics, Inc.",
VRME,"VerifyMe, Inc.",
IVDA,"Iveda Solutions, Inc.",
DOMH,Dominari Holdings Inc.,
KPRX,KIORA PHARMACEUTICALS INC,
SDOT,Sadot Group Inc.,
SLE,"Super League Enterprise, Inc.",
LASE,Laser Photonics Corp,
CNFR,"Conifer Holdings, Inc.",
JNVR,Janover Inc.,
VBIV,VBI Vaccines Inc/BC,
MDRR,"Medalist Diversified REIT, Inc.",
ADN,"ADVENT TECHNOLOGIES HOLDINGS, INC.",
ERNA,Eterna Therapeutics Inc.,
BNTC,Benitec Biopharma Inc.,
EDSA,"Edesa Biotech, Inc.",
CYN,Cyngn Inc.,
RGF,"Real Good Food Company, Inc.",
KITT,"Nauticus Robotics, Inc.",
ELAB,Elevai Labs Inc.,
JAN,JanOne Inc.,
UPXI,"UPEXI, INC.",
MDIA,Mediaco Holding Inc.,
MTEM,"Molecular Templates, Inc.",
INBS,INTELLIGENT BIO SOLUTIONS INC.,
BTCY,BIOTRICITY INC.,
SHPW,"Shapeways Holdings, Inc.",
AEI,Alset Inc.,
GRTX,"Galera Therapeutics, Inc.",
GHSI,"Guardion Health Sciences, Inc.",
EEIQ,EpicQuest Education Group International Ltd,
VEEE,"Twin Vee PowerCats, Co.",
COSM,Cosmos Health Inc.,
MBRX,"Moleculin Biotech, Inc.",
IDEX,"IDEANOMICS, INC.",
BLIN,"Bridgeline Digital, Inc.",
OLB,"OLB GROUP, INC.",
ABVC,"ABVC BIOPHARMA, INC.",
WHLR,"Wheeler Real Estate Investment Trust, Inc.",
WATT,Energous Corp,
ASST,Asset Entities Inc.,
ICCT,iCoreConnect Inc.,
BTBD,"BT Brands, Inc.",
OTRK,"Ontrak, Inc.",
COEP,"Coeptis Therapeutics Holdings, Inc.",
LTRY,Lottery.com Inc.,
LDWY,"LENDWAY, INC.",
MBIO,"MUSTANG BIO, INC.",
CTHR,CHARLES & COLVARD LTD,
OSA,"ProSomnus, Inc.",
POAI,Predictive Oncology Inc.,
VLCN,"Volcon, Inc.",
MNPR,Monopar Therapeutics,
BCDA,"BioCardia, Inc.",
ONVO,"ORGANOVO HOLDINGS, INC.",
NDRA,ENDRA Life Sciences Inc.,
ARTW,ARTS WAY MANUFACTURING CO INC,
BNZI,"Banzai International, Inc.",
LGVN,Longeveron Inc.,
BNOX,BIONOMICS LIMITED/FI,
HEPA,"Hepion Pharmaceuticals, Inc.",
CVKD,"Cadrenal Therapeutics, Inc.",
LIDR,"AEye, Inc.",
SYRA,Syra Health Corp,
ISUN,"ISUN, INC.",
JEWL,Adamas One Corp.,
CAUD,"Collective Audience, Inc.",
BRTX,"BioRestorative Therapies, Inc.",
SGD,Safe & Green Development Corp,
VCNX,"VACCINEX, INC.",
BOF,BranchOut Food Inc.,
VIRI,"Virios Therapeutics, Inc.",
BLBX,BLACKBOXSTOCKS INC.,
NVOS,"Novo Integrated Sciences, Inc.",
PRPO,"Precipio, Inc.",
HCTI,"Healthcare Triangle, Inc.",
EIGR,"Eiger BioPharmaceuticals, Inc.",
TRVN,TREVENA INC,
ENG,ENGLOBAL CORP,
IMNN,"Imunon, Inc.",
SPGC,"Sacks Parente Golf, Inc.",
JVA,COFFEE HOLDING CO INC,
IDAI,T Stamp Inc,
APDN,APPLIED DNA SCIENCES INC,
SOBR,"SOBR Safe, Inc.",
CYCN,"Cyclerion Therapeutics, Inc.",
FWBI,"First Wave BioPharma, Inc.",
POLA,"Polar Power, Inc.",
NURO,"NeuroMetrix, Inc.",
MARPS,MARINE PETROLEUM TRUST,
AQB,AQUABOUNTY TECHNOLOGIES INC,
PSTV,"PLUS THERAPEUTICS, INC.",
CARV,CARVER BANCORP INC,
AYRO,"AYRO, Inc.",
DXYN,DIXIE GROUP INC,
KAVL,"Kaival Brands Innovations Group, Inc.",
EZFL,EzFill Holdings Inc,
HSCS,"Heart Test Laboratories, Inc.",
HGAS,Global Gas Corp,
XWEL,"XWELL, Inc.",
FRZA,"Forza X1, Inc.",
VISL,"Vislink Technologies, Inc.",
SCKT,"SOCKET MOBILE, INC.",
CELZ,"CREATIVE MEDICAL TECHNOLOGY HOLDINGS, INC.",
KTTA,Pasithea Therapeutics Corp.,
NEXI,"NexImmune, Inc.",
AIMD,"Ainos, Inc.",
SLNH,"Soluna Holdings, Inc",
DGLY,"DIGITAL ALLY, INC.",
LMFA,"LM FUNDING AMERICA, INC.",
SHPH,"Shuttle Pharmaceuticals Holdings, Inc.",
PTIX,"Protagenic Therapeutics, Inc.new",
LFLY,"Leafly Holdings, Inc. /DE",
GVP,GSE SYSTEMS INC,
BOXL,Boxlight Corp,
HOTH,"Hoth Therapeutics, Inc.",
MICS,SINGING MACHINE CO INC,
PIK,KIDPIK CORP.,
GXAI,GAXOS.AI INC.,
SEEL,"SEELOS THERAPEUTICS, INC.",
ALZN,"Alzamend Neuro, Inc.",
EFOI,"ENERGY FOCUS, INC/DE",
TENX,"TENAX THERAPEUTICS, INC.",
WAVD,"WAVEDANCER, INC.",
LQR,LQR House Inc.,
SONN,"Sonnet BioTherapeutics Holdings, Inc.",
VERB,"Verb Technology Company, Inc.",
SNGX,"SOLIGENIX, INC.",
ATXI,"AVENUE THERAPEUTICS, INC.",
MIND,"MIND TECHNOLOGY, INC",
GPAK,Gamer Pakistan Inc,
VVOS,"Vivos Therapeutics, Inc.",
ZVSA,"ZyVersa Therapeutics, Inc.",
GTBP,"GT Biopharma, Inc.",
PULM,"Pulmatrix, Inc.",
FORD,"Forward Industries, Inc.",
XBIO,"Xenetic Biosciences, Inc.",
KA,"KINETA, INC./DE",
MSGM,Motorsport Games Inc.,
BFRI,Biofrontera Inc.,
OMQS,OMNIQ Corp.,
XXII,"22nd Century Group, Inc.",
ENVB,"Enveric Biosciences, Inc.",
MGOL,MGO Global Inc.,
HPCO,"Hempacco Co., Inc.",
GNPX,"Genprex, Inc.",
ENSC,"Ensysce Biosciences, Inc.",
MRIN,MARIN SOFTWARE INC,
CNXA,Connexa Sports Technologies Inc.,
MVLA,Movella Holdings Inc.,
MNTS,Momentus Inc.,
ADD,"Color Star Technology Co., Ltd.",
CSSE,"Chicken Soup for the Soul Entertainment, Inc.",
AFIB,"Acutus Medical, Inc.",
AMST,Amesite Inc.,
CING,Cingulate Inc.,
SILO,"Silo Pharma, Inc.",
XCUR,"EXICURE, INC.",
CAMP,CalAmp Corp.,
ADTX,"Aditxt, Inc.",
JOAN,JOANN Inc.,
MYMD,"MyMD Pharmaceuticals, Inc.",
LIPO,LIPELLA PHARMACEUTICALS INC.,
YOSH,Yoshiharu Global Co.,
THAR,"Tharimmune, Inc.",
EVOK,Evoke Pharma Inc,
LIXT,"LIXTE BIOTECHNOLOGY HOLDINGS, INC.",
BSGM,"BioSig Technologies, Inc.",
HSDT,"HELIUS MEDICAL TECHNOLOGIES, INC.",
TTNP,TITAN PHARMACEUTICALS INC,
CEAD,CEA Industries Inc.,
NVFY,"Nova Lifestyle, Inc.",
SOPA,SOCIETY PASS INCORPORATED.,
AVGR,Avinger Inc,
TGL,TREASURE GLOBAL INC,
ARTL,"ARTELO BIOSCIENCES, INC.",
VIEW,"View, Inc.",
VERO,Venus Concept Inc.,
OPGN,OPGEN INC,
AEMD,AETHLON MEDICAL INC,
FUV,Arcimoto Inc,
STSS,Sharps Technology Inc.,
TRNR,"Interactive Strength, Inc.",
PALI,"PALISADE BIO, INC.",
RSLS,ReShape Lifesciences Inc.,
VRPX,"Virpax Pharmaceuticals, Inc.",
MGRX,"MANGOCEUTICALS, INC.",
FFIE,FARADAY FUTURE INTELLIGENT ELECTRIC INC.,
CETX,CEMTREX INC,
FNCH,"Finch Therapeutics Group, Inc.",
PXMD,"PaxMedica, Inc.",
YTEN,"YIELD10 BIOSCIENCE, INC.",
AUUD,AUDDIA INC.,
GOVX,"GeoVax Labs, Inc.",
NXTP,NextPlay Technologies Inc.,
WORX,SCWorx Corp.,
NTRP,"NextTrip, Inc.",
AGFY,Agrify Corp,
MGAM,"Mobile Global Esports, Inc.",
IONM,Assure Holdings Corp.,
AVTX,"Avalo Therapeutics, Inc.",
PCSA,"Processa Pharmaceuticals, Inc.",
SGBX,SAFE & GREEN HOLDINGS CORP.,
SNES,"SenesTech, Inc.",
NBSE,"NeuBase Therapeutics, Inc.",
OCTO,Eightco Holdings Inc.,
DBGI,"Digital Brands Group, Inc.",
LUCY,Innovative Eyewear Inc,
BKYI,BIO KEY INTERNATIONAL INC,
ONCO,"Onconetix, Inc.",
SNPX,"Synaptogenix, Inc.",
DATS,"DatChat, Inc.",
VINO,"Gaucho Group Holdings, Inc.",
NXL,"Nexalin Technology, Inc.",
KTRA,"Kintara Therapeutics, Inc.",
ALBT,Avalon GloboCare Corp.,
PEGY,Pineapple Energy Inc.,
SNAX,"STRYVE FOODS, INC.",
PHIO,Phio Pharmaceuticals Corp.,
PTPI,"Petros Pharmaceuticals, Inc.",
BIOL,"BIOLASE, INC",
WINT,WINDTREE THERAPEUTICS INC /DE/,
FRGT,"Freight Technologies, Inc.",
ASNS,ACTELIS NETWORKS INC,
CNSP,"CNS Pharmaceuticals, Inc.",
NUWE,"Nuwellis, Inc.",
INVO,"INVO Bioscience, Inc.",
BPTH,BIO-PATH HOLDINGS INC,
BACK,"IMAC Holdings, Inc.",
APVO,Aptevo Therapeutics Inc.,
SXTP,"60 DEGREES PHARMACEUTICALS, INC.",
CYCC,"Cyclacel Pharmaceuticals, Inc.",
BSFC,Blue Star Foods Corp.,
TNON,"Tenon Medical, Inc.",
REBN,"Reborn Coffee, Inc.",
RKDA,"Arcadia Biosciences, Inc.",
NCPL,Netcapital Inc.,
ONFO,"Onfolio Holdings, Inc",
ACON,"Aclarion, Inc.",
GWAV,"Greenwave Technology Solutions, Inc.",
TBLT,"Toughbuilt Industries, Inc",
ADIL,"ADIAL PHARMACEUTICALS, INC.",
SLRX,"Salarius Pharmaceuticals, Inc.",
DYNT,DYNATRONICS CORP,
LGMK,"LogicMark, Inc.",
AUVI,"Applied UV, Inc.",
STAF,"Staffing 360 Solutions, Inc.",
SNOA,"Sonoma Pharmaceuticals, Inc.",
ISPC,iSpecimen Inc.,
OBLG,"Oblong, Inc.",
THMO,"ThermoGenesis Holdings, Inc.",
NXU,"Nxu, Inc.",
TIVC,"Tivic Health Systems, Inc.",
PRSO,Peraso Inc.,
NAOV,"NanoVibronix, Inc.",
RCRT,"Recruiter.com Group, Inc.",
ALLR,"Allarity Therapeutics, Inc.",
GNLN,"Greenlane Holdings, Inc.",
QLGN,"Qualigen Therapeutics, Inc.",
BBLG,Bone Biologics Corp,
CRKN,Crown Electrokinetics Corp.,
RELI,"Reliance Global Group, Inc.",
AREB,AMERICAN REBEL HOLDINGS INC,
GROM,"Grom Social Enterprises, Inc.",
UK,Ucommune International Ltd,
NUZE,"NuZee, Inc.",
EDBL,Edible Garden AG Inc,
WISA,"WISA TECHNOLOGIES, INC.",
EAST,"Eastside Distilling, Inc.",
ATNF,180 Life Sciences Corp.,
ASTI,"Ascent Solar Technologies, Inc.",
IVP,"INSPIRE VETERINARY PARTNERS, INC.",
BJDX,"Bluejay Diagnostics, Inc.",
DRMA,"Dermata Therapeutics, Inc.",
REVB,"REVELATION BIOSCIENCES, INC.",
GRI,"GRI BIO, Inc.",
RNAZ,"Transcode Therapeutics, Inc.",
SMFL,"SMART FOR LIFE, INC.",
SINT,"Sintx Technologies, Inc.",
CHSCP,CHS INC,
HTIA,"Healthcare Trust, Inc.",
BCG,"Binah Capital Group, Inc.",
DJT,Trump Media & Technology Group Corp.,
LENZ,"LENZ Therapeutics, Inc.",
QTTB,"Homology Medicines, Inc.",
GOOG,Alphabet Inc.,
FITBI,FIFTH THIRD BANCORP,
FWONA,Liberty Media Corp,
FWONK,Liberty Media Corp,
NWS,NEWS CORP,
FOX,Fox Corp,
LBRDK,Liberty Broadband Corp,
Z,"ZILLOW GROUP, INC.",
LSXMK,Liberty Media Corp,
AGNCM,AGNC Investment Corp.,
AGNCN,AGNC Investment Corp.,
LSXMB,Liberty Media Corp,
PARAA,Paramount Global,
JSM,NAVIENT CORP,
BHFAL,"Brighthouse Financial, Inc.",
RUSHB,RUSH ENTERPRISES INC \TX\,
BHFAP,"Brighthouse Financial, Inc.",
SLMBP,SLM Corp,
WTFCM,WINTRUST FINANCIAL CORP,
VLYPO,VALLEY NATIONAL BANCORP,
VLYPP,VALLEY NATIONAL BANCORP,
CENTA,CENTRAL GARDEN & PET CO,
HOVNP,HOVNANIAN ENTERPRISES INC,
BATRK,"Atlanta Braves Holdings, Inc.",
LILAK,Liberty Latin America Ltd.,
NYMTN,NEW YORK MORTGAGE TRUST INC,
ZFOXW,"ZeroFox Holdings, Inc.",
BELFB,BEL FUSE INC /NJ,
KELYB,KELLY SERVICES INC,
QRTEB,"Qurate Retail, Inc.",
GOODO,GLADSTONE COMMERCIAL CORP,
OXLCM,Oxford Lane Capital Corp.,
DGICB,DONEGAL GROUP INC,
MBINP,Merchants Bancorp,
NEWTI,"NewtekOne, Inc.",
OXLCO,Oxford Lane Capital Corp.,
LANDM,GLADSTONE LAND Corp,
SENEB,Seneca Foods Corp,
AIRTP,AIR T INC,
GAINL,GLADSTONE INVESTMENT CORPORATIONDE,
APLMW,Apollomics Inc.,
LANDP,GLADSTONE LAND Corp,
RDIB,READING INTERNATIONAL INC,
UONEK,"URBAN ONE, INC.",
FATBB,"Fat Brands, Inc",
SOHOO,Sotherly Hotels Inc.,
FBIOP,"Fortress Biotech, Inc.",
SOHON,Sotherly Hotels Inc.,
SOHOB,Sotherly Hotels Inc.,
CSSEP,"Chicken Soup for the Soul Entertainment, Inc.",
CYCCP,"Cyclacel Pharmaceuticals, Inc.",
WVVIP,WILLAMETTE VALLEY VINEYARDS INC,
MINDP,"MIND TECHNOLOGY, INC",
WHLRD,"Wheeler Real Estate Investment Trust, Inc.",
WHLRP,"Wheeler Real Estate Investment Trust, Inc.",
ARTLW,"ARTELO BIOSCIENCES, INC.",
VERBW,"Verb Technology Company, Inc.",
WSBCP,WESBANCO INC,
ZIONP,"ZIONS BANCORPORATION, NATIONAL ASSOCIATION /UT/",
ZIONL,"ZIONS BANCORPORATION, NATIONAL ASSOCIATION /UT/",
ZIONO,"ZIONS BANCORPORATION, NATIONAL ASSOCIATION /UT/",
ONBPO,OLD NATIONAL BANCORP /IN/,
ONBPP,OLD NATIONAL BANCORP /IN/,
WTFCP,WINTRUST FINANCIAL CORP,
FCNCO,FIRST CITIZENS BANCSHARES INC /DE/,
FCNCP,FIRST CITIZENS BANCSHARES INC /DE/,
BPOPM,"POPULAR, INC.",
FULTP,FULTON FINANCIAL CORP,
HBANL,HUNTINGTON BANCSHARES INC /MD/,
HBANM,HUNTINGTON BANCSHARES INC /MD/,
HBANP,HUNTINGTON BANCSHARES INC /MD/,
UCBIO,UNITED COMMUNITY BANKS INC,
PARAP,Paramount Global,
CHSCL,CHS INC,
CHSCM,CHS INC,
CHSCN,CHS INC,
CHSCO,CHS INC,
SAVAW,CASSAVA SCIENCES INC,
RCKTW,"ROCKET PHARMACEUTICALS, INC.",
OCFCP,OCEANFIRST FINANCIAL CORP,
HTLFP,HEARTLAND FINANCIAL USA INC,
SWKHL,SWK Holdings Corp,
FITBO,FIFTH THIRD BANCORP,
FITBP,FIFTH THIRD BANCORP,
STRRP,"STAR EQUITY HOLDINGS, INC.",
BANFP,BANCFIRST CORP /OK/,
CNOBP,"ConnectOne Bancorp, Inc.",
CDZIP,CADIZ INC,
CHKEW,CHESAPEAKE ENERGY CORP,
CHKEZ,CHESAPEAKE ENERGY CORP,
CHKEL,CHESAPEAKE ENERGY CORP,
XOMAO,XOMA Corp,
XOMAP,XOMA Corp,
GOVXW,"GeoVax Labs, Inc.",
BAYAU,Bayview Acquisition Corp,
BAYAR,Bayview Acquisition Corp,
AITRR,AI Transportation Acquisition Corp,
AITRU,AI Transportation Acquisition Corp,
SXTPW,"60 DEGREES PHARMACEUTICALS, INC.",
BAERW,"Bridger Aerospace Group Holdings, Inc.",
HWCPZ,HANCOCK WHITNEY CORP,
FRMEP,FIRST MERCHANTS CORP,
CSWCZ,CAPITAL SOUTHWEST CORP,
SIGIP,SELECTIVE INSURANCE GROUP INC,
NTRSO,NORTHERN TRUST CORP,
CNFRZ,"Conifer Holdings, Inc.",
OXLCN,Oxford Lane Capital Corp.,
OXLCP,Oxford Lane Capital Corp.,
OXLCZ,Oxford Lane Capital Corp.,
OXLCL,Oxford Lane Capital Corp.,
TNONW,"Tenon Medical, Inc.",
HTIBP,"Healthcare Trust, Inc.",
SNCRL,SYNCHRONOSS TECHNOLOGIES INC,
LLYVA,Liberty Media Corp,
LLYVK,Liberty Media Corp,
WHFCL,"WhiteHorse Finance, Inc.",
AUUDW,AUDDIA INC.,
MFICL,MidCap Financial Investment Corp,
DTSTW,Data Storage Corp,
BWBBP,Bridgewater Bancshares Inc,
LIXTW,"LIXTE BIOTECHNOLOGY HOLDINGS, INC.",
RVMDW,"Revolution Medicines, Inc.",
GLADZ,GLADSTONE CAPITAL CORP,
VRMEW,"VerifyMe, Inc.",
NXLIW,"Nexalin Technology, Inc.",
TFINP,"Triumph Financial, Inc.",
NIOBW,NIOCORP DEVELOPMENTS LTD,
GOODN,GLADSTONE COMMERCIAL CORP,
OXSQG,Oxford Square Capital Corp.,
OXSQZ,Oxford Square Capital Corp.,
POWWP,"AMMO, INC.",
QRTEP,"Qurate Retail, Inc.",
GAINN,GLADSTONE INVESTMENT CORPORATIONDE,
GAINZ,GLADSTONE INVESTMENT CORPORATIONDE,
NYMTZ,NEW YORK MORTGAGE TRUST INC,
NYMTL,NEW YORK MORTGAGE TRUST INC,
NYMTM,NEW YORK MORTGAGE TRUST INC,
PNFPP,PINNACLE FINANCIAL PARTNERS INC,
RILYN,"B. Riley Financial, Inc.",
RILYO,"B. Riley Financial, Inc.",
RILYP,"B. Riley Financial, Inc.",
RILYT,"B. Riley Financial, Inc.",
RILYZ,"B. Riley Financial, Inc.",
NXGLW,"NEXGEL, INC.",
MSBIP,"Midland States Bancorp, Inc.",
RILYG,"B. Riley Financial, Inc.",
RILYK,"B. Riley Financial, Inc.",
RILYL,"B. Riley Financial, Inc.",
RILYM,"B. Riley Financial, Inc.",
LFMDP,"LifeMD, Inc.",
SURGW,"SurgePays, Inc.",
APCXW,AppTech Payments Corp.,
SQFTP,"Presidio Property Trust, Inc.",
SQFTW,"Presidio Property Trust, Inc.",
TCBIO,TEXAS CAPITAL BANCSHARES INC/TX,
DHCNI,DIVERSIFIED HEALTHCARE TRUST,
DHCNL,DIVERSIFIED HEALTHCARE TRUST,
NXPLW,NextPlat Corp,
DCOMP,"Dime Community Bancshares, Inc. /NY/",
FTAIM,FTAI Aviation Ltd.,
FTAIN,FTAI Aviation Ltd.,
FTAIO,FTAI Aviation Ltd.,
FTAIP,FTAI Aviation Ltd.,
DBGIW,"Digital Brands Group, Inc.",
OPINL,OFFICE PROPERTIES INCOME TRUST,
CGABL,Carlyle Group Inc.,
MDRRP,"Medalist Diversified REIT, Inc.",
MBINO,Merchants Bancorp,
MBINM,Merchants Bancorp,
MBINN,Merchants Bancorp,
BBLGW,Bone Biologics Corp,
HYMCL,HYCROFT MINING HOLDING CORP,
HYMCW,HYCROFT MINING HOLDING CORP,
FGFPP,Fundamental Global Inc.,
FATBP,"Fat Brands, Inc",
FATBW,"Fat Brands, Inc",
NTRBW,NutriBand Inc.,
ATNFW,180 Life Sciences Corp.,
RWAYL,Runway Growth Finance Corp.,
RWAYZ,Runway Growth Finance Corp.,
HTZWW,"HERTZ GLOBAL HOLDINGS, INC",
GECCM,Great Elm Capital Corp.,
GECCO,Great Elm Capital Corp.,
GECCZ,Great Elm Capital Corp.,
NEWTL,"NewtekOne, Inc.",
NEWTZ,"NewtekOne, Inc.",
LBRDP,Liberty Broadband Corp,
SNAXW,"STRYVE FOODS, INC.",
BHFAM,"Brighthouse Financial, Inc.",
BHFAN,"Brighthouse Financial, Inc.",
BHFAO,"Brighthouse Financial, Inc.",
INBKZ,First Internet Bancorp,
LFLYW,"Leafly Holdings, Inc. /DE",
ASTSW,"AST SpaceMobile, Inc.",
TALKW,"Talkspace, Inc.",
SHCRW,"Sharecare, Inc.",
BEATW,"HeartBeam, Inc.",
CURIW,CuriosityStream Inc.,
STSSW,Sharps Technology Inc.,
SSSSL,SURO CAPITAL CORP.,
PETVW,"PetVivo Holdings, Inc.",
NRXPW,"NRX Pharmaceuticals, Inc.",
ATLCL,Atlanticus Holdings Corp,
ATLCP,Atlanticus Holdings Corp,
ATLCZ,Atlanticus Holdings Corp,
HSCSW,"Heart Test Laboratories, Inc.",
NMFCZ,New Mountain Finance Corp,
MSAIW,"MultiSensor AI Holdings, Inc.",
BFRIW,Biofrontera Inc.,
ZEOWW,Zeo Energy Corp.,
WINVR,WinVest Acquisition Corp.,
PRLHW,Pearl Holdings Acquisition Corp,
KITTW,"Nauticus Robotics, Inc.",
FRLAW,Fortune Rise Acquisition Corp,
OABIW,"OmniAb, Inc.",
ESLAW,"Estrella Immunopharma, Inc.",
MAQCW,Maquia Capital Acquisition Corp,
IMAQU,International Media Acquisition Corp.,
IMAQW,International Media Acquisition Corp.,
GMFIU,Aetherium Acquisition Corp,
GMFIW,Aetherium Acquisition Corp,
GOEVW,Canoo Inc.,
SRZNW,"Surrozen, Inc./DE",
COOLW,Corner Growth Acquisition Corp.,
MACAW,Moringa Acquisition Corp,
PUCKW,Goal Acquisitions Corp.,
SLAMU,Slam Corp.,
SLAMW,Slam Corp.,
BNAIW,Brand Engagement Network Inc.,
MVLAW,Movella Holdings Inc.,
AISPW,"Airship AI Holdings, Inc.",
WALDW,Waldencast plc,
GAMCW,Golden Arrow Merger Corp.,
AENTW,ALLIANCE ENTERTAINMENT HOLDING CORP,
GDSTR,Goldenstone Acquisition Ltd.,
FEXDR,Fintech Ecosystem Development Corp.,
FEXDU,Fintech Ecosystem Development Corp.,
SHFSW,"SHF Holdings, Inc.",
SEPAW,SEP Acquisition Corp.,
CITEW,Cartica Acquisition Corp,
PAVMZ,PAVmed Inc.,
CGBDL,"Carlyle Secured Lending, Inc.",
WESTW,Westrock Coffee Co,
LIDRW,"AEye, Inc.",
AREBW,AMERICAN REBEL HOLDINGS INC,
ACONW,"Aclarion, Inc.",
HOLOW,MicroCloud Hologram Inc.,
PLMJW,Plum Acquisition Corp. III,
PLMJU,Plum Acquisition Corp. III,
AACIU,Armada Acquisition Corp. I,
AACIW,Armada Acquisition Corp. I,
NKGNW,"NKGen Biotech, Inc.",
PLMIW,Plum Acquisition Corp. I,
RGTIW,"Rigetti Computing, Inc.",
CORZW,"Core Scientific, Inc./tx",
CORZZ,"Core Scientific, Inc./tx",
NBSTU,Newbury Street Acquisition Corp,
GPACU,Global Partner Acquisition Corp II,
GPACW,Global Partner Acquisition Corp II,
AUROW,"Aurora Innovation, Inc.",
EFTRW,"eFFECTOR Therapeutics, Inc.",
STRCW,Palladyne AI Corp.,
PMGMW,Priveterra Acquisition Corp. II,
SCLXW,Scilex Holding Co,
WGSWW,GeneDx Holdings Corp.,
NEOVW,NeoVolta Inc.,
TWLVW,Twelve Seas Investment Co. II,
RELIW,"Reliance Global Group, Inc.",
AUVIP,"Applied UV, Inc.",
BLDEW,"Blade Air Mobility, Inc.",
XELAP,"Exela Technologies, Inc.",
GROMW,"Grom Social Enterprises, Inc.",
CCLDO,"CareCloud, Inc.",
CCLDP,"CareCloud, Inc.",
CXAIW,CXApp Inc.,
GCMGW,GCM Grosvenor Inc.,
OZKAP,Bank OZK,
MNTSW,Momentus Inc.,
AVPTW,"AvePoint, Inc.",
FFIEW,FARADAY FUTURE INTELLIGENT ELECTRIC INC.,
EVLVW,"Evolv Technologies Holdings, Inc.",
LUCYW,Innovative Eyewear Inc,
HGASW,Global Gas Corp,
OCCIN,"OFS Credit Company, Inc.",
OCCIO,"OFS Credit Company, Inc.",
MVSTW,"Microvast Holdings, Inc.",
CELUW,Celularity Inc,
UKOMW,Ucommune International Ltd,
BNZIW,"Banzai International, Inc.",
CVIIW,Churchill Capital Corp VII,
CVIIU,Churchill Capital Corp VII,
ADTHW,"AdTheorent Holding Company, Inc.",
UHGWW,"United Homes Group, Inc.",
GEGGL,"Great Elm Group, Inc.",
IRAAW,Iris Acquisition Corp,
INTEW,Integral Acquisition Corp 1,
CLOER,Clover Leaf Capital Corp.,
USCTW,Roth CH Acquisition Co.,
COCHW,"Envoy Medical, Inc.",
AONCW,"American Oncology Network, Inc.",
CSLRW,"Complete Solaria, Inc.",
BLEUR,bleuacacia ltd,
BLEUW,bleuacacia ltd,
SPECW,Spectaire Holdings Inc.,
GREEL,Greenidge Generation Holdings Inc.,
APACU,StoneBridge Acquisition Corp.,
APACW,StoneBridge Acquisition Corp.,
DFLIW,Dragonfly Energy Holdings Corp.,
BNIXW,Bannix Acquisition Corp.,
MAPSW,"WM TECHNOLOGY, INC.",
TRINL,Trinity Capital Inc.,
REVBW,"REVELATION BIOSCIENCES, INC.",
BREZR,Breeze Holdings Acquisition Corp.,
BREZW,Breeze Holdings Acquisition Corp.,
HUMAW,"Humacyte, Inc.",
RUMBW,Rumble Inc.,
BZFDW,"BuzzFeed, Inc.",
SWSSW,Clean Energy Special Situations Corp.,
CLNNW,Clene Inc.,
SONDW,Sonder Holdings Inc.,
EVGOW,EVgo Inc.,
CIFRW,Cipher Mining Inc.,
METCB,"Ramaco Resources, Inc.",
METCL,"Ramaco Resources, Inc.",
AQUNR,Aquaron Acquisition Corp.,
INAQU,Insight Acquisition Corp. /DE,
INAQW,Insight Acquisition Corp. /DE,
LSEAW,Landsea Homes Corp,
BIAFW,"bioAffinity Technologies, Inc.",
MCAFR,Mountain Crest Acquisition Corp. IV,
MCAFU,Mountain Crest Acquisition Corp. IV,
XFINW,ExcelFin Acquisition Corp.,
DRMAW,"Dermata Therapeutics, Inc.",
PETWW,Wag! Group Co.,
SLDPW,"Solid Power, Inc.",
PEGRU,Project Energy Reimagined Acquisition Corp.,
PEGRW,Project Energy Reimagined Acquisition Corp.,
PAYOW,Payoneer Global Inc.,
AAGRW,African Agriculture Holdings Inc.,
ORGNW,"Origin Materials, Inc.",
LIFWW,"MSP Recovery, Inc.",
LIFWZ,"MSP Recovery, Inc.",
JSPRW,"Jasper Therapeutics, Inc.",
SHPWW,"Shapeways Holdings, Inc.",
RVPHW,"REVIVA PHARMACEUTICALS HOLDINGS, INC.",
ADNWW,"ADVENT TECHNOLOGIES HOLDINGS, INC.",
NNAVW,NEXTNAV INC.,
VIEWW,"View, Inc.",
EOSEW,"Eos Energy Enterprises, Inc.",
IGTAR,Inception Growth Acquisition Ltd,
OPTXW,"SYNTEC OPTICS HOLDINGS, INC.",
RDZNW,Roadzen Inc.,
KYCHR,Keyarch Acquisition Corp,
CCTSW,Cactus Acquisition Corp. 1 Ltd,
BTSGU,"BrightSpring Health Services, Inc.",
OCEAW,"Ocean Biomedical, Inc.",
SWAGW,"Stran & Company, Inc.",
BRKHW,BurTech Acquisition Corp.,
CDIOW,"Cardio Diagnostics Holdings, Inc.",
ALSAR,Alpha Star Acquisition Corp,
ALSAW,Alpha Star Acquisition Corp,
CMCAW,Capitalworks Emerging Markets Acquisition Corp,
DHACW,DIGITAL HEALTH ACQUISITION CORP.,
LUNRW,"Intuitive Machines, Inc.",
TRONW,CORNER GROWTH ACQUISITION CORP. 2,
PFTAU,Perception Capital Corp. III,
PFTAW,Perception Capital Corp. III,
DJTWW,Trump Media & Technology Group Corp.,
MCAGR,Mountain Crest Acquisition Corp. V,
DPCSW,DP Cap Acquisition Corp I,
DECAU,Denali Capital Acquisition Corp.,
DECAW,Denali Capital Acquisition Corp.,
PTWOU,"Pono Capital Two, Inc.",
GLSTR,Global Star Acquisition Inc.,
GLSTW,Global Star Acquisition Inc.,
FORLW,Four Leaf Acquisition Corp,
YOTAW,Yotta Acquisition Corp,
YOTAR,Yotta Acquisition Corp,
YOTAU,Yotta Acquisition Corp,
KVACU,Keen Vision Acquisition Corp.,
KVACW,Keen Vision Acquisition Corp.,
STIXW,"Semantix, Inc.",
QOMOR,Qomolangma Acquisition Corp.,
TMTCU,TMT Acquisition Corp.,
TMTCR,TMT Acquisition Corp.,
TLGYW,TLGY ACQUISITION CORP,
CNGLU,Canna-Global Acquisition Corp,
CNGLW,Canna-Global Acquisition Corp,
NNAGU,99 Acquisition Group Inc.,
IROHW,Iron Horse Acquisitions Corp.,
IROHU,Iron Horse Acquisitions Corp.,
GBBKR,Global Blockchain Acquisition Corp.,
GBBKW,Global Blockchain Acquisition Corp.,
BOWNR,Bowen Acquisition Corp,
FLFVR,Feutune Light Acquisition Corp,
ONFOW,"Onfolio Holdings, Inc",
SABSW,"SAB Biotherapeutics, Inc.",
HCVIU,Hennessy Capital Investment Corp. VI,
HCVIW,Hennessy Capital Investment Corp. VI,
CTCXW,Carmell Corp,
XBPEW,"XBP Europe Holdings, Inc.",
CFFSW,CF Acquisition Corp. VII,
GATEU,Marblegate Acquisition Corp.,
GATEW,Marblegate Acquisition Corp.,
LGVCW,LAMF Global Ventures Corp. I,
LGVCU,LAMF Global Ventures Corp. I,
TBMCR,Trailblazer Merger Corp I,
RWODU,Redwoods Acquisition Corp.,
RWODW,Redwoods Acquisition Corp.,
RWODR,Redwoods Acquisition Corp.,
SPKLU,Spark I Acquisition Corp,
SPKLW,Spark I Acquisition Corp,
VSACW,VISION SENSING ACQUISITION CORP.,
MSSAR,Metal Sky Star Acquisition Corp,
MSSAU,Metal Sky Star Acquisition Corp,
MSSAW,Metal Sky Star Acquisition Corp,
IPXXW,Inflection Point Acquisition Corp. II,
IPXXU,Inflection Point Acquisition Corp. II,
NMHIW,Nature's Miracle Holding Inc.,
CCNEP,CNB FINANCIAL CORP/PA,
WAFDP,WAFD INC,
EFSCP,ENTERPRISE FINANCIAL SERVICES CORP,
FOSLL,"Fossil Group, Inc.",
REGCO,REGENCY CENTERS CORP,
REGCP,REGENCY CENTERS CORP,
AGNCO,AGNC Investment Corp.,
AGNCP,AGNC Investment Corp.,
IVDAW,"Iveda Solutions, Inc.",
HROWL,"HARROW, INC.",
HROWM,"HARROW, INC.",
HNNAZ,HENNESSY ADVISORS INC,
TENKR,TenX Keane Acquisition,
BHACW,Focus Impact BH3 Acquisition Co,
FHLTU,Future Health ESG Corp.,
SVIIR,Spring Valley Acquisition Corp. II,
SVIIW,Spring Valley Acquisition Corp. II,
DAVEW,Dave Inc./DE,
ARRWU,Arrowroot Acquisition Corp.,
ARRWW,Arrowroot Acquisition Corp.,
QETAR,Quetta Acquisition Corp,
FGIWW,FGI Industries Ltd.,
AIRJW,Montana Technologies Corp.,
MOBXW,"MOBIX LABS, INC",
ZCARW,"Zoomcar Holdings, Inc.",
QETAU,Quetta Acquisition Corp,
LDTCW,LeddarTech Holdings Inc.,
GRDIW,GRIID Infrastructure Inc.,
KRNLU,"Kernel Group Holdings, Inc.",
KRNLW,"Kernel Group Holdings, Inc.",
PCTTW,"PureCycle Technologies, Inc.",
ARKOW,ARKO Corp.,
XOSWW,"Xos, Inc.",
CONXW,CONX Corp.,
HSPOR,Horizon Space Acquisition I Corp.,
HSPOW,Horizon Space Acquisition I Corp.,
HOVRW,New Horizon Aircraft Ltd.,
GHIXW,"Gores Holdings IX, Inc.",
MARXR,Mars Acquisition Corp.,
ACACW,Acri Capital Acquisition Corp,
SKGRW,SK Growth Opportunities Corp,
OSAAW,"ProSomnus, Inc.",
BTMWW,Bitcoin Depot Inc.,
SCRMU,Screaming Eagle Acquisition Corp.,
SCRMW,Screaming Eagle Acquisition Corp.,
CEROW,"CERO THERAPEUTICS HOLDINGS, INC.",
ATMCW,ALPHATIME ACQUISITION CORP,
ACABU,Atlantic Coastal Acquisition Corp. II,
LUXHP,LUXURBAN HOTELS INC.,
RENEW,Cartesian Growth Corp II,
USGOW,U.S. GoldMining Inc.,
ISRLU,Israel Acquisitions Corp,
ISRLW,Israel Acquisitions Corp,
ESHAR,ESH Acquisition Corp.,
FBYDW,"Falcon's Beyond Global, Inc.",
ATMVR,AlphaVest Acquisition Corp.,
ATMVU,AlphaVest Acquisition Corp.,
TPGXL,TPG Inc.,
BWAQR,Blue World Acquisition Corp,
BWAQW,Blue World Acquisition Corp,
CDTTW,CONDUIT PHARMACEUTICALS INC.,
PPYAW,Papaya Growth Opportunity Corp. I,
FTIIU,FutureTech II Acquisition Corp.,
FTIIW,FutureTech II Acquisition Corp.,
BKHAU,Black Hawk Acquisition Corp,
NETDW,Nabors Energy Transition Corp. II,
AFJKU,"Aimei Health Technology Co., Ltd.",
AFJKR,"Aimei Health Technology Co., Ltd.",
GIPRW,"GENERATION INCOME PROPERTIES, INC.",
LTRYW,Lottery.com Inc.,
HOFVW,Hall of Fame Resort & Entertainment Co,
MNSBP,"MainStreet Bancshares, Inc.",
VIASP,"Via Renewables, Inc.",
LANDO,GLADSTONE LAND Corp,
AGNCL,AGNC Investment Corp.,
AMPGW,"AmpliTech Group, Inc.",
SHOTW,"Safety Shot, Inc.",
HYZNW,Hyzon Motors Inc.,
BTBDW,"BT Brands, Inc.",
KPLTW,"Katapult Holdings, Inc.",
HPKEW,"HighPeak Energy, Inc.",
PRSTW,Presto Automation Inc.,
ABLLW,"Abacus Life, Inc.",
ABLLL,"Abacus Life, Inc.",
HUDAR,Hudson Acquisition I Corp.,
AERTW,"Aeries Technology, Inc.",
AVHIU,Achari Ventures Holdings Corp. I,
AVHIW,Achari Ventures Holdings Corp. I,
LNZAW,"LanzaTech Global, Inc.",
VWEWW,"Vintage Wine Estates, Inc.",
ICUCW,SeaStar Medical Holding Corp,
KTTAW,Pasithea Therapeutics Corp.,
BLACR,Bellevue Life Sciences Acquisition Corp.,
BLACW,Bellevue Life Sciences Acquisition Corp.,
SEATW,Vivid Seats Inc.,
ANSCW,Agriculture & Natural Solutions Acquisition Corp,
NVACR,NorthView Acquisition Corp,
TVGNW,Tevogen Bio Holdings Inc.,
AOGOW,Arogo Capital Acquisition Corp.,
CSLMR,CSLM ACQUISITION CORP.,
CSLMW,CSLM ACQUISITION CORP.,
EMCGR,Embrace Change Acquisition Corp.,
EMCGW,Embrace Change Acquisition Corp.,
CPTNW,"Cepton, Inc.",
XBIOW,"Xenetic Biosciences, Inc.",
ADVWW,Advantage Solutions Inc.,
FREEW,"Whole Earth Brands, Inc.",
CSSEL,"Chicken Soup for the Soul Entertainment, Inc.",
CSSEN,"Chicken Soup for the Soul Entertainment, Inc.",
IVCPU,Swiftmerge Acquisition Corp.,
IVCPW,Swiftmerge Acquisition Corp.,
CBRGU,Chain Bridge I,
SOUNW,"SOUNDHOUND AI, INC.",
BFRGW,"BullFrog AI Holdings, Inc.",
MDAIW,"Spectral AI, Inc.",
QSIAW,Quantum-Si Inc,
ISPOW,Inspirato Inc,
CMPOW,"CompoSecure, Inc.",
RSVRW,"Reservoir Media, Inc.",
FGBIP,"First Guaranty Bancshares, Inc.",
BEEMW,Beam Global,
AIMDW,"Ainos, Inc.",
PTIXW,"Protagenic Therapeutics, Inc.new",
MBNKP,MEDALLION FINANCIAL CORP,
MCACR,Monterey Capital Acquisition Corp,
MCACW,Monterey Capital Acquisition Corp,
GODNR,Golden Star Acquisition Corp,
SLNHP,"Soluna Holdings, Inc",
DHAIW,"DIH HOLDING US, INC.",
PLTNR,Plutonian Acquisition Corp.,
PLTNW,Plutonian Acquisition Corp.,
ROCLU,Roth CH Acquisition V Co.,
ROCLW,Roth CH Acquisition V Co.,
ALCYW,Alchemy Investments Acquisition Corp 1,
IBACU,IB Acquisition Corp.,
